zoo_id,zoo_name,city,state_province,country,latitude,longitude,wikidata_id,source
Q1480506,Tierpark Gera,Thuringia,Thuringia,Germany,50.8664,12.0644,Q1480506,Wikidata
Q1538627,Hirschfeld Wildlife Park,Hirschfeld,Hirschfeld,Germany,50.6278,12.4403,Q1538627,Wikidata
Q1440716,Wildpark Gersfeld,Gersfeld,Gersfeld,Germany,50.44015,9.94167,Q1440716,Wikidata
Q1722919,Kameltheater Kernhof,Sankt Aegyd am Neuwalde,Sankt Aegyd am Neuwalde,Austria,47.8196,15.5375,Q1722919,Wikidata
Q1720755,Bois du Petit-Château,,,Switzerland,47.10583333,6.82222222,Q1720755,Wikidata
Q1739461,Wildpark Weißewarte,Tangerhütte,Tangerhütte,Germany,52.4697,11.8679,Q1739461,Wikidata
Q1789271,Kristiansand Zoo and Amusement Park,Kristiansand Municipality,Kristiansand Municipality,Norway,58.18506,8.141406,Q1789271,Wikidata
Q1702529,Noctalis,Bad Segeberg,Bad Segeberg,Germany,53.9362,10.3166,Q1702529,Wikidata
Q1870391,Loro Parque,Puerto de la Cruz,Puerto de la Cruz,Spain,28.408333333,-16.564166666,Q1870391,Wikidata
Q2008530,Oakland Zoo,Oakland,Oakland,United States,37.7508,-122.148,Q2008530,Wikidata
Q1355424,Erlebniswelt Seeteufel,Studen,Studen,Switzerland,47.1117,7.31846,Q1355424,Wikidata
Q1413736,Tama Zoological Park,Hino,Hino,Japan,35.651,139.402,Q1413736,Wikidata
Q1557640,Guyana Zoo,,,Guyana,6.80605,-58.14631111,Q1557640,Wikidata
Q1527494,Tierpark Nadermann,Delbrück,Delbrück,Germany,51.7968,8.49659,Q1527494,Wikidata
Q1994806,Zoo Aquarium de Madrid,Madrid,Madrid,Spain,40.408611,-3.7625,Q1994806,Wikidata
Q1969385,Paris Zoological Park,Bois de Vincennes,12th arrondissement of Paris,France,48.83222222,2.41861111,Q1969385,Wikidata
Q1850938,North Carolina Zoo,Asheboro,Asheboro,United States,35.6295,-79.7645,Q1850938,Wikidata
Q1724108,Tropenzoo Bansin,Heringsdorf,Heringsdorf,Germany,53.9697,14.1386,Q1724108,Wikidata
Q1589639,Hauptstadtzoo,Berlin,Berlin,Germany,,,Q1589639,Wikidata
Q1315270,Tierpark Bad Liebenstein,Bad Liebenstein,Bad Liebenstein,Germany,50.8203,10.3547,Q1315270,Wikidata
Q1866486,Living Coasts,Devon,Devon,United Kingdom,50.458,-3.525,Q1866486,Wikidata
Q1559777,Tiergarten Falkenstein,Falkenstein,Falkenstein,Germany,50.4785,12.3713,Q1559777,Wikidata
Q1319073,Alpenzoo Innsbruck,Innsbruck,Innsbruck,Austria,47.2806,11.3981,Q1319073,Wikidata
Q1521397,Tierpark Wolgast,Wolgast,Wolgast,Germany,54.0721,13.7733,Q1521397,Wikidata
Q1421031,Bear Farm Veresegyház,Veresegyház,Veresegyház,Hungary,47.63126,19.25566,Q1421031,Wikidata
Q1713788,Jura-Zoo,Neumarkt in der Oberpfalz,Neumarkt in der Oberpfalz,Germany,49.2525,11.4528,Q1713788,Wikidata
Q1621348,Tierpark und Fossilium Bochum,Bochum,Bochum,Germany,51.4906,7.22722,Q1621348,Wikidata
Q1695896,Tierpark Perleberg,Perleberg,Perleberg,Germany,53.0639,11.8583,Q1695896,Wikidata
Q1757139,The Ara Project,Alajuela Province,Alajuela Province,Costa Rica,10.0084,-84.1903,Q1757139,Wikidata
Q1577839,Chemnitz Zoo,Reichenbrand,Reichenbrand,Germany,50.8183,12.835,Q1577839,Wikidata
Q1926331,Monkey World,Dorset,Dorset,United Kingdom,50.6973,-2.2177,Q1926331,Wikidata
Q1736588,Tierpark Ueckermünde,Ueckermünde,Ueckermünde,Germany,53.7313,14.028,Q1736588,Wikidata
Q1666487,International Crane Foundation,Fairfield,Fairfield,United States,43.5477,-89.7563,Q1666487,Wikidata
Q1340792,Tiergarten Neustrelitz,Neustrelitz,Neustrelitz,Germany,53.3569,13.0678,Q1340792,Wikidata
Q1969880,Wildpark-MV,Güstrow,Güstrow,Germany,53.78891,12.224162,Q1969880,Wikidata
Q1535754,Municipal Zoological Park Quinzinho de Barros,São Paulo,São Paulo,Brazil,-23.50583333,-47.43805556,Q1535754,Wikidata
Q1676234,Tiergarten Nill,Stuttgart,Stuttgart,Germany,48.7862,9.16577,Q1676234,Wikidata
Q1628644,Tierpark Weißwasser,Weißwasser,Weißwasser,Germany,51.5114,14.6331,Q1628644,Wikidata
Q1479980,Réserve africaine de Sigean,Sigean,Sigean,France,43.068135,2.953563,Q1479980,Wikidata
Q1487826,Tierpark Rheinböllen,Rhineland-Palatinate,Rhineland-Palatinate,Germany,50.031,7.6622,Q1487826,Wikidata
Q1384171,Exotarium Oberhof,Oberhof,Oberhof,Germany,50.7069,10.7244,Q1384171,Wikidata
Q2025028,Opel-Zoo,Kronberg im Taunus,Kronberg im Taunus,Germany,50.183333333,8.486388888,Q2025028,Wikidata
Q1894779,Parque das Aves,Foz do Iguaçu,Foz do Iguaçu,Brazil,-25.614,-54.4826,Q1894779,Wikidata
Q1301309,Tierpark Fauna,Solingen,Solingen,Germany,51.2134,7.08326,Q1301309,Wikidata
Q1688481,Hankensbüttel Otter Centre,Hankensbüttel,Hankensbüttel,Germany,52.7314,10.62,Q1688481,Wikidata
Q1950392,Wildpark Daun,Rhineland-Palatinate,Rhineland-Palatinate,Germany,50.1812,6.80607,Q1950392,Wikidata
Q1954263,Valencia Bioparc,Province of Valencia,Province of Valencia,Spain,39.478019444,-0.407502777,Q1954263,Wikidata
Q1678192,Jaderpark,Jaderberg,Jade,Germany,53.3269,8.18833,Q1678192,Wikidata
Q1825496,Olmen Zoo,Olmen,Balen,Belgium,51.12756,5.14678,Q1825496,Wikidata
Q1771324,Jardin zoologique tropical,La Londe-les-Maures,La Londe-les-Maures,France,43.13805556,6.23444444,Q1771324,Wikidata
Q1591327,Haustierhof Reutemühle,Überlingen,Überlingen,Germany,47.78472222,9.19888889,Q1591327,Wikidata
Q1551675,Grönåsens Älgpark,,,Sweden,56.83245,15.40558,Q1551675,Wikidata
Q1790875,Givskud Zoo,Vejle Municipality,Vejle Municipality,Denmark,55.81166667,9.35194444,Q1790875,Wikidata
Q1867975,Butterfly World,Coconut Creek,Coconut Creek,United States,26.2684,-80.1713,Q1867975,Wikidata
Q1664520,Inselzoo Altenburg,Altenburg,Altenburg,Germany,50.9788,12.4329,Q1664520,Wikidata
Q1536456,Tierpark Hamm,Hamm,Hamm,Germany,51.6629,7.81645,Q1536456,Wikidata
Q1465980,Zoo Győr,Győr,Győr,Hungary,47.694447,17.669839,Q1465980,Wikidata
Q1852670,Planckendael Zoo,Muizen,Mechelen,Belgium,51.001389,4.516389,Q1852670,Wikidata
Q1395827,Tierpark Cottbus,Cottbus,Cottbus,Germany,51.7444,14.3531,Q1395827,Wikidata
Q2014423,Oderbruchzoo,Oderaue,Oderaue,Germany,52.7625,14.1672,Q2014423,Wikidata
Q1886334,San Francisco Zoo,San Francisco,San Francisco,United States,37.733465474,-122.501912113,Q1886334,Wikidata
Q1370924,Los Angeles Zoo,California,California,United States,34.1481,-118.284,Q1370924,Wikidata
Q1304441,GaiaZOO,Kerkrade,Kerkrade,Netherlands,50.869167,6.048333,Q1304441,Wikidata
Q1768319,Buffalo Zoo,Buffalo,Buffalo,United States,42.9391,-78.8536,Q1768319,Wikidata
Q1974519,Odesa Zoo,Odesa,Odesa,Ukraine,46.4675,30.731667,Q1974519,Wikidata
Q1585312,Harewood House,Harewood,Harewood,United Kingdom,53.8969,-1.5273,Q1585312,Wikidata
Q1423088,Tierpark Gettorf,Schleswig-Holstein,Schleswig-Holstein,Germany,54.40305556,9.97638889,Q1423088,Wikidata
Q1591277,Tierpark Herborn,Herborn,Herborn,Germany,50.7019,8.26686,Q1591277,Wikidata
Q1624934,Tiergarten Ulm,Ulm,Ulm,Germany,48.4103,10.0119,Q1624934,Wikidata
Q1779978,Polar Park,Bardu Municipality,Bardu Municipality,Norway,68.6917,18.1098,Q1779978,Wikidata
Q1373447,Tier- und Freizeitpark Thüle,Friesoythe,Friesoythe,Germany,52.9585,7.91912,Q1373447,Wikidata
Q1478818,Tiergarten Straubing,Straubing,Straubing,Germany,48.8842,12.5355,Q1478818,Wikidata
Q1419082,Tiergarten Mönchengladbach,Mönchengladbach,Mönchengladbach,Germany,51.1399,6.45867,Q1419082,Wikidata
Q1957702,Ménagerie du Jardin des Plantes,5th arrondissement of Paris,5th arrondissement of Paris,France,48.845446,2.360325,Q1957702,Wikidata
Q1368242,San Diego Zoo Safari Park,San Diego County,California,United States,33.1,-117.0025,Q1368242,Wikidata
Q1937399,Minnesota Zoo,Apple Valley,Apple Valley,United States,44.7686,-93.1989,Q1937399,Wikidata
Q1478370,Wildpark Tiergarten Weilburg,Weilburg,Weilburg,Germany,50.4886,8.3275,Q1478370,Wikidata
Q1320084,Natur- und Tierpark Goldau,Goldau,Goldau,Switzerland,47.0503,8.55306,Q1320084,Wikidata
Q1713816,Juraparc,Vallorbe,Vallorbe,Switzerland,46.691646,6.340463,Q1713816,Wikidata
Q1519090,Tierpark Nordhorn,Nordhorn,Nordhorn,Germany,52.4283,7.09194,Q1519090,Wikidata
Q1516761,Harzfalkenhof,Bad Sachsa,Bad Sachsa,Germany,51.608,10.5345,Q1516761,Wikidata
Q1898465,Marineland,Antibes,Antibes,France,43.615,7.125,Q1898465,Wikidata
Q1712142,Tierpark Lübeck,Lübeck,Lübeck,Germany,53.8959,10.7383,Q1712142,Wikidata
Q1617948,Highland Wildlife Park,Highland,Highland,United Kingdom,57.1111,-3.97472,Q1617948,Wikidata
Q1494249,Tier- und Kulturpark Bischofswerda,Bischofswerda,Bischofswerda,Germany,51.1264,14.1758,Q1494249,Wikidata
Q1938567,Kolmården Wildlife Park,Norrköping Municipality,Norrköping Municipality,Sweden,58.665277777,16.466388888,Q1938567,Wikidata
Q1815378,Leintalzoo Schwaigern,Schwaigern,Schwaigern,Germany,49.1422,9.07528,Q1815378,Wikidata
Q1302893,Eifelpark,Gondorf,Gondorf,Germany,49.9628,6.6175,Q1302893,Wikidata
Q1422518,Reykjavík Park and Zoo,,,Iceland,64.13833333,-21.87083333,Q1422518,Wikidata
Q1693413,Tierpark Lange Erlen,Basel,Basel,Switzerland,47.5744,7.60778,Q1693413,Wikidata
Q1676123,Tiergarten Hannover,Kirchrode-Bemerode-Wülferode,Kirchrode-Bemerode-Wülferode,Germany,52.3661,9.83583,Q1676123,Wikidata
Q2033070,Safari World,Bangkok,Bangkok,Thailand,13.865,100.70277778,Q2033070,Wikidata
Q1595518,Heimat-Tierpark Olderdissen,Bielefeld,Bielefeld,Germany,52.0206,8.50111,Q1595518,Wikidata
Q1396643,Tiergarten Eisenberg,Eisenberg,Eisenberg,Germany,50.9667,11.9111,Q1396643,Wikidata
Q2432191,Tiergarten Staßfurt,Staßfurt,Staßfurt,Germany,51.8479,11.5816,Q2432191,Wikidata
Q2432287,Tierpark Herford,Herford,Herford,Germany,52.1066,8.7184,Q2432287,Wikidata
Q2432172,Tiergarten Delitzsch,Delitzsch,Delitzsch,Germany,51.527833333,12.3175,Q2432172,Wikidata
Q2432293,Tierpark Limbach-Oberfrohna,Limbach-Oberfrohna,Limbach-Oberfrohna,Germany,50.852243,12.752416,Q2432293,Wikidata
Q2265011,Seehundstation Norddeich,Norden,Norden,Germany,53.6128,7.15944,Q2265011,Wikidata
Q2386465,Gorge Wildlife Park,Cudlee Creek,South Australia,Australia,-34.841936111,138.814330555,Q2386465,Wikidata
Q2234723,Night Safari,Central Water Catchment,Central Water Catchment,Singapore,1.404015,103.789223,Q2234723,Wikidata
Q2112449,Belfast Zoo,Northern Ireland,Northern Ireland,United Kingdom,54.656,-5.942,Q2112449,Wikidata
Q2432312,Ystad Djurpark,Ystad Municipality,Ystad Municipality,Sweden,55.486272,13.719252,Q2432312,Wikidata
Q2529929,Vogelburg,Weilrod,Weilrod,Germany,50.3311,8.34389,Q2529929,Wikidata
Q2459274,Kyiv Zoo,Kyiv,Kyiv,Ukraine,50.45553,30.464734,Q2459274,Wikidata
Q2432171,Tiergarten Bernburg,Bernburg,Bernburg,Germany,51.7942,11.7281,Q2432171,Wikidata
Q2202795,Aquazoo Friesland,Leeuwarden,Leeuwarden,Netherlands,53.21639,5.88278,Q2202795,Wikidata
Q2343219,Ramat Gan Safari,Ramat Gan,Ramat Gan,Israel,32.045,34.825,Q2343219,Wikidata
Q2209172,Saarbrücker Zoo,Saarbrücken,Saarbrücken,Germany,49.2308,7.03958,Q2209172,Wikidata
Q2400339,Aviflora,Ingelmunster,Ingelmunster,Belgium,50.934122,3.25147033,Q2400339,Wikidata
Q2530020,Chai Nat Bird Park,,,Thailand,15.207276,100.152249,Q2530020,Wikidata
Q2145298,Happ's Reptilienzoo,Klagenfurt am Wörthersee,Klagenfurt am Wörthersee,Austria,46.6199,14.2656,Q2145298,Wikidata
Q2125883,"Underwater World, Singapore",Sentosa,Sentosa,Singapore,1.25856698,103.81121063,Q2125883,Wikidata
Q2432188,Tiergarten Stendal,Stendal,Stendal,Germany,52.5986,11.8461,Q2432188,Wikidata
Q2132053,Territory Wildlife Park,Northern Territory,Northern Territory,Australia,-12.7102,130.99,Q2132053,Wikidata
Q2398233,Twycross Zoo,Twycross,Twycross,United Kingdom,52.652777777,-1.529722222,Q2398233,Wikidata
Q2432283,Tierpark Göppingen,Göppingen,Göppingen,Germany,48.7144,9.64889,Q2432283,Wikidata
Q2154395,Pairi Daiza,Cambron-Casteau,Brugelette,Belgium,50.58472222,3.88722222,Q2154395,Wikidata
Q2530013,Vogelpark Abensberg,Abensberg,Abensberg,Germany,48.8042,11.8261,Q2530013,Wikidata
Q2452280,Baku Zoo,Baku,Baku,Azerbaijan,40.392952862,49.848971579,Q2452280,Wikidata
Q2131737,Raritätenzoo Ebbs,Ebbs,Ebbs,Austria,47.6343,12.2301,Q2131737,Wikidata
Q2214161,Oceanium,Rotterdam,Rotterdam,Netherlands,51.9286,4.4454,Q2214161,Wikidata
Q2315180,Liberec Zoo,Liberec,Liberec,Czech Republic,50.77639,15.07556,Q2315180,Wikidata
Q2198862,Parrot Park NOP,,,Netherlands,51.42556,5.35333,Q2198862,Wikidata
Q2432266,Tierpark Angermünde,Angermünde,Angermünde,Germany,53.0119,13.9944,Q2432266,Wikidata
Q2432176,Tiergarten Halberstadt,Halberstadt,Halberstadt,Germany,51.8728,11.042,Q2432176,Wikidata
Q2199049,Sea Life Scheveningen,Scheveningen,The Hague,Netherlands,52.112222,4.279167,Q2199049,Wikidata
Q2432185,Tierpark Recklinghausen,Recklinghausen,Recklinghausen,Germany,51.6204,7.18428,Q2432185,Wikidata
Q2405073,TerraZoo Sontra,Sontra,Sontra,Germany,51.0803,9.95722,Q2405073,Wikidata
Q2530017,Vogelpark Biebesheim,Biebesheim am Rhein,Biebesheim am Rhein,Germany,49.7761,8.45806,Q2530017,Wikidata
Q2432295,Tierpark Neumünster,Neumünster,Neumünster,Germany,54.0917,9.945,Q2432295,Wikidata
Q2182381,Japan Monkey Centre,Inuyama,Inuyama,Japan,35.39063333,136.95753889,Q2182381,Wikidata
Q2400230,Animal park Eendekooi,Donk,Berlare,Belgium,51.039568,3.97693545,Q2400230,Wikidata
Q2361043,DierenPark Amersfoort,Amersfoort,Amersfoort,Netherlands,52.150556,5.345,Q2361043,Wikidata
Q2405070,TerraZoo Rheinberg,Rheinberg,Rheinberg,Germany,51.5383,6.61333,Q2405070,Wikidata
Q2432193,Tiergarten Tübingen,Tübingen,Tübingen,Germany,48.5071,9.02752,Q2432193,Wikidata
Q2145304,Reptilium Terrarien- und Wüstenzoo Landau,Landau in der Pfalz,Landau in der Pfalz,Germany,49.1913,8.13004,Q2145304,Wikidata
Q2198266,Emperor Valley Zoo,,,Trinidad and Tobago,10.6742041,-61.5187458,Q2198266,Wikidata
Q2155657,Q2155657,Exloo,Borger-Odoorn,Netherlands,52.881697222,6.864775,Q2155657,Wikidata
Q2509245,Giza Zoo,Giza Governorate,Giza Governorate,Egypt,30.02453333,31.21389722,Q2509245,Wikidata
Q2432196,Tiergarten an der Doggenburg,Stuttgart,Stuttgart,Germany,48.7878,9.15165,Q2432196,Wikidata
Q2529017,Vivarium Darmstadt,Darmstadt,Darmstadt,Germany,49.8664,8.68278,Q2529017,Wikidata
Q2261870,Sea Life Königswinter,Königswinter,Königswinter,Germany,50.6733,7.1925,Q2261870,Wikidata
Q2351972,Tierpark Sababurg,Hofgeismar,Hofgeismar,Germany,51.5453,9.53528,Q2351972,Wikidata
Q2303588,Zoo of Ghent,Ghent,Ghent,Belgium,51.04306,3.73056,Q2303588,Wikidata
Q2390343,Shark Reef at Mandalay Bay,Nevada,Nevada,United States,36.0903,-115.177,Q2390343,Wikidata
Q2298879,Solinger Vogel- und Tierpark,Solingen,Solingen,Germany,51.1608,6.98417,Q2298879,Wikidata
Q2275145,Nandankanan Zoological Park,,,India,20.399965,85.814703,Q2275145,Wikidata
Q2530027,Vogelpark Marlow,Marlow,Marlow,Germany,54.1453,12.5681,Q2530027,Wikidata
Q2432284,Tierpark Gotha,Gotha,Gotha,Germany,50.934486,10.719941,Q2432284,Wikidata
Q2349688,Baghdad Zoo,Baghdad,Baghdad,Iraq,33.314845,44.376417,Q2349688,Wikidata
Q2432263,Tierpark Alsdorfer Weiher,Alsdorf,Alsdorf,Germany,50.8635,6.1506,Q2432263,Wikidata
Q2211413,Safaripark Gänserndorf,Gänserndorf,Gänserndorf,Austria,48.3036,16.7136,Q2211413,Wikidata
Q2200658,Eindhoven Zoo,Mierlo,Geldrop-Mierlo,Netherlands,51.454435,5.582943,Q2200658,Wikidata
Q2166574,Rosamond Gifford Zoo,New York,New York,United States,43.0422,-76.1811,Q2166574,Wikidata
Q2392584,Parc Merveilleux,Bettembourg,Bettembourg,Luxembourg,49.511473,6.120715,Q2392584,Wikidata
Q2432289,Former Kalletal Zoo,Kalletal,Kalletal,Germany,52.1262,8.94399,Q2432289,Wikidata
Q2229222,Indianapolis Zoo,Indiana,Indiana,United States,39.766944,-86.176944,Q2229222,Wikidata
Q2307982,Manila Zoological and Botanical Garden,,,Philippines,14.56472,120.98861,Q2307982,Wikidata
Q2262801,La Ferme aux crocodiles,Pierrelatte,Pierrelatte,France,44.356944444,4.704444444,Q2262801,Wikidata
Q2180449,Zoologic park de Lille,Lille,Lille,France,50.6381,3.04694,Q2180449,Wikidata
Q2432298,Zoo Stralsund,Stralsund,Stralsund,Germany,54.317,13.0503,Q2432298,Wikidata
Q2265008,Seehundstation Friedrichskoog,Friedrichskoog,Friedrichskoog,Germany,54.0008,8.87556,Q2265008,Wikidata
Q2199377,Kasteelpark Born,Born,Sittard-Geleen,Netherlands,51.030144444,5.811466666,Q2199377,Wikidata
Q2432195,Tiergarten Worms,Worms,Worms,Germany,49.6158,8.37139,Q2432195,Wikidata
Q2432273,Tierpark Arche Warder,Rendsburg-Eckernförde,Rendsburg-Eckernförde,Germany,54.21527778,9.90777778,Q2432273,Wikidata
Q2432183,Zoo Cleves,Kleve,Kleve,Germany,51.7991,6.12186,Q2432183,Wikidata
Q2530023,Vogelpark Dehme,Bad Oeynhausen,Bad Oeynhausen,Germany,52.2427,8.84502,Q2530023,Wikidata
Q2397999,La Montagne des singes,Kintzheim,Kintzheim,France,48.260397,7.374476,Q2397999,Wikidata
Q2392126,Alexandria Zoo,Alexandria Governorate,Alexandria Governorate,Egypt,31.205,29.9444,Q2392126,Wikidata
Q2387471,Jardin zoologique de la ville de Lyon,6th arrondissement of Lyon,6th arrondissement of Lyon,France,45.7774,4.85543,Q2387471,Wikidata
Q2376115,Minsk Zoo,Minsk,Minsk,Belarus,53.85055556,27.63472222,Q2376115,Wikidata
Q2186578,La Vallée des Singes,Romagne,Romagne,France,46.2427,0.2896,Q2186578,Wikidata
Q2432301,Tierpark Haag,Haag,Haag,Austria,48.1023,14.5574,Q2432301,Wikidata
Q2254498,Schwarzwaldzoo Waldkirch,Waldkirch,Waldkirch,Germany,48.0876,7.95854,Q2254498,Wikidata
Q2441108,Walter Zoo,Gossau,Gossau,Switzerland,47.419036,9.285153,Q2441108,Wikidata
Q2430928,Thüringer Zoopark Erfurt,Erfurt,Erfurt,Germany,51.0233,11.0278,Q2430928,Wikidata
Q2151714,Tulsa Zoo,Oklahoma,Oklahoma,United States,36.2087,-95.9298,Q2151714,Wikidata
Q2376025,Ouwehands Dierenpark,Rhenen,Rhenen,Netherlands,51.956111,5.590833,Q2376025,Wikidata
Q2432276,Tierpark Dessau,Dessau-Roßlau,Dessau-Roßlau,Germany,51.849,12.2383,Q2432276,Wikidata
Q2256826,Q2256826,Eindhoven,Eindhoven,Netherlands,,,Q2256826,Wikidata
Q2154793,Jungleland USA,California,California,United States,34.1741,-118.848,Q2154793,Wikidata
Q2432304,Tierpark Ströhen,Wagenfeld,Wagenfeld,Germany,52.5364,8.70944,Q2432304,Wikidata
Q2432310,Tierpark Arche Noah Klötze,Klötze,Klötze,Germany,52.6296,11.1848,Q2432310,Wikidata
Q2530026,Vogelpark Heiligenkirchen,Detmold,Detmold,Germany,51.8994,8.8567,Q2530026,Wikidata
Q2183630,Safaripark Beekse Bergen,Hilvarenbeek,Hilvarenbeek,Netherlands,51.519444,5.109444,Q2183630,Wikidata
Q2432277,Tierpark Eilenburg,Eilenburg,Eilenburg,Germany,51.4529,12.6316,Q2432277,Wikidata
Q2530029,Vogelpark Niendorf,Timmendorfer Strand,Timmendorfer Strand,Germany,53.986,10.815,Q2530029,Wikidata
Q2336198,Zoolandia,Liedon asemanseutu,Lieto,Finland,60.5671,22.4343,Q2336198,Wikidata
Q2442063,Toni's Zoo,Rothenburg,Rothenburg,Switzerland,47.1074469,8.2621555,Q2442063,Wikidata
Q2116901,Dubai Dolphinarium,Emirate of Dubai,Emirate of Dubai,United Arab Emirates,25.2346,55.3267,Q2116901,Wikidata
Q2673660,Dierenpark Wissel,Epe,Epe,Netherlands,52.34083,5.94722,Q2673660,Wikidata
Q2943001,Catskill Game Farm,,,United States,42.238055555,-74.008333333,Q2943001,Wikidata
Q2908963,Bois d'Attilly,Férolles-Attilly,Férolles-Attilly,France,48.745833333,2.665555555,Q2908963,Wikidata
Q2940908,Casela World of Adventures,Cascavelle,Cascavelle,Mauritius,-20.290196,57.411991,Q2940908,Wikidata
Q3108672,Yerevan Zoo,Yerevan,Yerevan,Armenia,40.196,44.5505,Q3108672,Wikidata
Q2978998,Cleveland Metroparks Zoo,Cuyahoga County,Cuyahoga County,United States,41.446111111,-81.713888888,Q2978998,Wikidata
Q3047381,Healesville Sanctuary,Badger Creek,Yarra Ranges Shire,Australia,-37.6822,145.5316,Q3047381,Wikidata
Q2672104,Pinnawala Elephant Orphanage,,,Sri Lanka,7.30055556,80.38833333,Q2672104,Wikidata
Q2932104,Le Monde Sauvage,,,Belgium,50.5,5.741666666,Q2932104,Wikidata
Q3157440,Jacksonville Zoo and Gardens,Florida,Florida,United States,30.4041,-81.6433,Q3157440,Wikidata
Q2859185,New England Aquarium,Boston,Boston,United States,42.359016666,-71.050683333,Q2859185,Wikidata
Q3082266,Philadelphia Zoo,Philadelphia,Philadelphia,United States,39.9725,-75.196666666,Q3082266,Wikidata
Q2945389,The Tortoise Village,Noflaye,Noflaye,Senegal,14.786860277,-17.210453128,Q2945389,Wikidata
Q3133681,Skopje Zoo,Skopje,Skopje,North Macedonia,42.007078,21.41687,Q3133681,Wikidata
Q2843476,Rio Grande Botanic Garden,New Mexico,New Mexico,United States,35.0933,-106.681,Q2843476,Wikidata
Q2836667,Alice Springs Reptile Centre,Alice Springs,Alice Springs,Australia,-23.7,133.87,Q2836667,Wikidata
Q2543184,Newquay Zoo,Newquay,Newquay,United Kingdom,50.4114,-5.0694,Q2543184,Wikidata
Q3090513,Jardin d'Acclimatation,bois de Boulogne,16th arrondissement of Paris,France,48.8775,2.26305556,Q3090513,Wikidata
Q2887037,Zoológico Villa Fantasía,Zapopan,Zapopan,Mexico,,,Q2887037,Wikidata
Q2570832,Wildpark Pforzheim,Pforzheim,Pforzheim,Germany,48.8746,8.71531,Q2570832,Wikidata
Q2774335,Sakkarbaug Zoological Garden,Junagadh district,Junagadh district,India,21.542,70.465,Q2774335,Wikidata
Q2698060,Dvůr Králové Zoo,Dvůr Králové nad Labem,Dvůr Králové nad Labem,Czech Republic,50.43028,15.80139,Q2698060,Wikidata
Q3072129,Skandinavisk Dyrepark,Syddjurs Municipality,Syddjurs Municipality,Denmark,56.344539,10.65395,Q3072129,Wikidata
Q2570784,Wildpark Bad Marienberg,Rhineland-Palatinate,Rhineland-Palatinate,Germany,50.651,7.93486,Q2570784,Wikidata
Q2570851,Wildpark Tannenbusch,Dormagen,Dormagen,Germany,51.0811,6.78889,Q2570851,Wikidata
Q2742295,Reptielenzoo Iguana,,,Netherlands,51.441889,3.572861,Q2742295,Wikidata
Q2665285,Auckland Zoo,Auckland Region,Auckland Region,New Zealand,-36.862777777,174.720833333,Q2665285,Wikidata
Q2915736,Jerusalem Biblical Zoo,Jerusalem,Jerusalem,Israel,31.74944444,35.17694444,Q2915736,Wikidata
Q2610997,Dierenpark De Oliemeulen,Tilburg,Tilburg,Netherlands,51.5708549,5.062058,Q2610997,Wikidata
Q2570815,Wildpark Leipzig,Connewitz,Leipzig,Germany,51.2978,12.3661,Q2570815,Wikidata
Q3162430,Saigon Zoo and Botanical Gardens,Ho Chi Minh City,Ho Chi Minh City,Vietnam,10.78805556,106.70472222,Q3162430,Wikidata
Q2887555,Sierra Safari Zoo,Nevada,Nevada,United States,39.6234,-119.909,Q2887555,Wikidata
Q2904080,Montreal Biodome,Mercier–Hochelaga-Maisonneuve,Montreal,Canada,45.559722222,-73.549722222,Q2904080,Wikidata
Q2570838,Wildpark Reuschenberg,Leverkusen,Leverkusen,Germany,51.0554,6.98191,Q2570838,Wikidata
Q3026688,Zoo Miami,Florida,Florida,United States,25.61,-80.4,Q3026688,Wikidata
Q2570791,Betzenberg Wildlife Park,Rhineland-Palatinate,Rhineland-Palatinate,Germany,49.431255,7.792594,Q2570791,Wikidata
Q3058153,Espace Rambouillet,Sonchamp,Sonchamp,France,,,Q3058153,Wikidata
Q3003136,Croc Parc,L'Étang-Salé,L'Étang-Salé,France,-21.2683,55.3526,Q3003136,Wikidata
Q2569469,Wiesenpark Oschersleben,Oschersleben (Bode),Oschersleben (Bode),Germany,52.0213,11.2371,Q2569469,Wikidata
Q2753621,Houston Zoo,Houston,Houston,United States,29.716131666,-95.390569444,Q2753621,Wikidata
Q2570929,Wildwald Voßwinkel,Arnsberg,Arnsberg,Germany,51.4575,7.88278,Q2570929,Wikidata
Q2678981,Cabarceno Natural Park,Cantabria,Cantabria,Spain,43.35,-3.85222222,Q2678981,Wikidata
Q2896297,NegevZoo,Beersheba,Beersheba,Israel,31.26,34.745,Q2896297,Wikidata
Q2970796,Château of Thoiry,Thoiry,Thoiry,France,48.86388889,1.79583333,Q2970796,Wikidata
Q3139243,Chester Zoo,Upton-by-Chester,Upton-by-Chester,United Kingdom,53.226666666,-2.884166666,Q3139243,Wikidata
Q2570709,Wildgehege Dodenau,Battenberg (Eder),Battenberg (Eder),Germany,51.0313104,8.5749614,Q2570709,Wikidata
Q2572243,Alice Springs Desert Park,Northern Territory,Northern Territory,Australia,-23.7065,133.833,Q2572243,Wikidata
Q2570837,Wildpark Potzberg,Rhineland-Palatinate,Rhineland-Palatinate,Germany,49.5219,7.48333,Q2570837,Wikidata
Q2713110,Ragunan Zoo,,,Indonesia,-6.3115875,106.8199182,Q2713110,Wikidata
Q2550249,Zoo Turda,Turda,Turda,Romania,,,Q2550249,Wikidata
Q2570800,Bad Mergentheim Wildlife Park,Bad Mergentheim,Bad Mergentheim,Germany,49.4683,9.79694,Q2570800,Wikidata
Q2570846,Wildpark Schwarze Berge,Rosengarten,Rosengarten,Germany,53.4408,9.88444,Q2570846,Wikidata
Q2589156,Aquatopia,Antwerp,Antwerp,Belgium,51.219167,4.421111,Q2589156,Wikidata
Q3082977,Marine Life Park,Sentosa,Sentosa,Singapore,1.2587,103.8186,Q3082977,Wikidata
Q3115846,Hamilton Zoo,Hamilton,Hamilton,New Zealand,-37.7745,175.2148,Q3115846,Wikidata
Q2650302,Seneca Park Zoo,Seneca Park,Rochester,United States,43.2065,-77.6238,Q2650302,Wikidata
Q3082339,Paignton Zoo,Paignton,Paignton,United Kingdom,50.4289,-3.58444,Q3082339,Wikidata
Q3077125,ZOO Stropkov,Stropkov,Stropkov,Slovakia,49.2047,21.6514,Q3077125,Wikidata
Q3039179,Drayton Manor Theme Park,Staffordshire,Staffordshire,United Kingdom,52.6108,-1.71333,Q3039179,Wikidata
Q2589027,Wolfgang-Köhler-Primaten-Forschungszentrum,Leipzig,Leipzig,Germany,51.3532,12.3656,Q2589027,Wikidata
Q3077592,Bojnice Zoo,Bojnice,Bojnice,Slovakia,48.78055556,18.57694444,Q3077592,Wikidata
Q2953571,Animali Vogel- en dierenpark,Eindhoven,Eindhoven,Netherlands,51.41111,5.49111,Q2953571,Wikidata
Q3034595,Domaine des Fauves,Les Abrets-en-Dauphiné,Les Abrets-en-Dauphiné,France,,,Q3034595,Wikidata
Q2998994,Triangle Metro Zoo,North Carolina,North Carolina,United States,36.0084,-78.4994,Q2998994,Wikidata
Q2779041,"Butterfly House, Missouri Botanical Garden",Missouri,Missouri,United States,38.6646,-90.5428,Q2779041,Wikidata
Q2709506,Singapore Zoo,North Region,North Region,Singapore,1.404709,103.79105,Q2709506,Wikidata
Q2723997,Rajiv Gandhi Zoological Park,Pune,Pune,India,18.4529061,73.8611752,Q2723997,Wikidata
Q2784579,"Mondo Verde, Landgraaf",Landgraaf,Landgraaf,Netherlands,50.88528,6.02861,Q2784579,Wikidata
Q3034913,Chiang Mai Zoo,Chiang Mai,Chiang Mai,Thailand,18.809,98.947,Q3034913,Wikidata
Q2677140,Boudewijn Seapark,Bruges,Bruges,Belgium,51.18333333,3.21222222,Q2677140,Wikidata
Q3036205,Saint Louis Zoo,St. Louis,St. Louis,United States,38.6355,-90.2905,Q3036205,Wikidata
Q3082583,Perth Zoo,City of South Perth,City of South Perth,Australia,-31.9755611,115.8522162,Q3082583,Wikidata
Q2570796,Wildpark Donsbach,Dillenburg,Dillenburg,Germany,50.7186,8.24083,Q2570796,Wikidata
Q2917115,Attica Zoological Park,,,Greece,37.981243,23.907377,Q2917115,Wikidata
Q2570242,Wild- und Freizeitpark Allensbach,Allensbach,Allensbach,Germany,47.74194444,9.04611111,Q2570242,Wikidata
Q2982903,Calgary Zoo,Alberta,Alberta,Canada,51.04583333,-114.03333333,Q2982903,Wikidata
Q2665029,Uilen- en Dierenpark De Paay,Beesd,Beesd,Netherlands,51.897680555,5.166938888,Q2665029,Wikidata
Q2655608,龟中心,Alphen aan den Rijn,Alphen aan den Rijn,Netherlands,52.1237,4.63506,Q2655608,Wikidata
Q2803487,Tierpark Essehof,Essehof,Lehre,Germany,52.3061,10.665,Q2803487,Wikidata
Q3074266,Florida Aquarium,Tampa,Tampa,United States,27.9442,-82.445,Q3074266,Wikidata
Q2660049,Kuala Lumpur Bird Park,Kuala Lumpur,Kuala Lumpur,Malaysia,3.142433333,101.688466666,Q2660049,Wikidata
Q2587322,Adventure World,Shirahama,Shirahama,Japan,33.66775,135.375797,Q2587322,Wikidata
Q3113018,Miami Seaquarium,Miami,Miami,United States,25.733,-80.165525,Q3113018,Wikidata
Q2570817,Wildpark Mainz-Gonsenheim,Mainz,Mainz,Germany,50.0061,8.2037,Q2570817,Wikidata
Q2570794,Wildpark Diedrichsburg,Melle,Melle,Germany,52.2324,8.35133,Q2570794,Wikidata
Q2561236,Cigoland,Kintzheim,Kintzheim,France,48.2562,7.41607,Q2561236,Wikidata
Q2626523,Košice Zoo,Košice,Košice,Slovakia,48.78361111,21.20388889,Q2626523,Wikidata
Q2891853,Qalqilya Zoo,Qalqilya,Qalqilya,Palestine,32.1953845,34.9707511,Q2891853,Wikidata
Q3058341,Espace zoologique de La Boissière-du-Doré,La Boissière-du-Doré,La Boissière-du-Doré,France,47.2461,-1.19725,Q3058341,Wikidata
Q3023370,"Downtown Aquarium, Denver",Colorado,Colorado,United States,39.7517,-105.014,Q3023370,Wikidata
Q2897205,Jungle Island,Watson Island,Miami,United States,25.78611111,-80.17416667,Q2897205,Wikidata
Q2891869,Waikiki Aquarium,Honolulu,Honolulu,United States,21.2659,-157.822,Q2891869,Wikidata
Q3087852,Friguia Park,Bouficha,Bouficha,Tunisia,36.203055555,10.423333333,Q3087852,Wikidata
Q3067346,Fauconnerie du Puy du Fou,,,France,46.8892,-0.927926,Q3067346,Wikidata
Q2984677,Riga Zoo,Riga,Riga,Latvia,57.0067,24.16,Q2984677,Wikidata
Q2570821,Wildpark Neuhaus,Holzminden,Holzminden,Germany,51.7474,9.522,Q2570821,Wikidata
Q3146717,Skånes Djurpark,Höör Municipality,Höör Municipality,Sweden,55.9630984,13.5366583,Q3146717,Wikidata
Q2570833,Wildpark Poing,Poing,Poing,Germany,48.1756,11.8303,Q2570833,Wikidata
Q616560,Selwo Marina,,,Spain,36.59222222,-4.53194444,Q616560,Wikidata
Q884968,Wisentgehege Springe,Springe,Springe,Germany,52.1887,9.60442,Q884968,Wikidata
Q966676,Sofia Zoo,Stolichna Municipality,Stolichna Municipality,Bulgaria,42.65805556,23.33194444,Q966676,Wikidata
Q625610,Belgrade Zoo,Belgrade,Belgrade,Serbia,44.825832,20.453332,Q625610,Wikidata
Q874796,Serengeti Park,Ahlden,Ahlden,Germany,52.7456,9.61667,Q874796,Wikidata
Q840700,Vogelpark Avifauna,Alphen aan den Rijn,Alphen aan den Rijn,Netherlands,52.139722,4.649167,Q840700,Wikidata
Q593400,Sassnitz Wildlife Park,Sassnitz,Sassnitz,Germany,54.5189,13.654,Q593400,Wikidata
Q713124,Natura Artis Magistra,Amsterdam,Amsterdam,Netherlands,52.366111111,4.916666666,Q713124,Wikidata
Q623333,Cincinnati Zoo and Botanical Garden,Cincinnati,Cincinnati,United States,39.145,-84.5075,Q623333,Wikidata
Q872955,Müritzeum,Waren,Waren,Germany,53.514583333,12.683333333,Q872955,Wikidata
Q702771,Tierpark Berlin,Friedrichsfelde,Lichtenberg,Germany,52.500278,13.5325,Q702771,Wikidata
Q1030352,Zoo Gyöngyös,Gyöngyös,Gyöngyös,Hungary,47.7906144,19.9127672,Q1030352,Wikidata
Q1058899,Prospect Park Zoo,Prospect Park,Brooklyn,United States,40.665772222,-73.964361111,Q1058899,Wikidata
Q632524,Arche Noah Zoo Braunschweig,Brunswick,Brunswick,Germany,52.2219,10.515,Q632524,Wikidata
Q864639,bioparco,Rome,Rome,Italy,41.917472,12.485194,Q864639,Wikidata
Q933612,VigoNature,Vigo,Vigo,Spain,42.2484,-8.6755,Q933612,Wikidata
Q869894,Lüneburg Heath Wildlife Park,Hanstedt,Hanstedt,Germany,53.2367,10.0443,Q869894,Wikidata
Q933656,Marineland of New Zealand,Central Napier,Napier City,New Zealand,-39.494662,176.919161,Q933656,Wikidata
Q1136334,Yangon Zoological Gardens,Yangon,Yangon,Myanmar,16.791667,96.159444,Q1136334,Wikidata
Q1144452,National Zoological Gardens of Sri Lanka,,,Sri Lanka,6.85680556,79.87288889,Q1144452,Wikidata
Q739792,Bronx Zoo,The Bronx,The Bronx,United States,40.850277777,-73.878333333,Q739792,Wikidata
Q896371,Krefelder Zoo,Krefeld,Krefeld,Germany,51.3409,6.60156,Q896371,Wikidata
Q716788,Palić Zoo,,,Serbia,46.0989625,19.7498345,Q716788,Wikidata
Q922178,Budapest Zoo & Botanical Garden,Budapest,Budapest,Hungary,47.519099,19.078295,Q922178,Wikidata
Q578027,Melbourne Zoo,Parkville,City of Melbourne,Australia,-37.784762,144.952095,Q578027,Wikidata
Q1264982,Erlebnistierpark Jägerhof,Pfullendorf,Pfullendorf,Germany,47.92472222,9.22027778,Q1264982,Wikidata
Q623158,Valencia's Aquarium,Valencia,Valencia,Venezuela,10.189021,-68.01124,Q623158,Wikidata
Q1058886,Carmel Hai-Bar Nature Reserve,,,Israel,32.74994444,34.99959167,Q1058886,Wikidata
Q1139958,National Zoological Garden of South Africa,Pretoria,Pretoria,South Africa,-25.738333333,28.189166666,Q1139958,Wikidata
Q618187,Apenheul Primate Park,Apeldoorn,Apeldoorn,Netherlands,52.215556,5.918889,Q618187,Wikidata
Q1228570,Discovery Cove,Orange County,Orange County,United States,28.4054,-81.4617,Q1228570,Wikidata
Q954207,Central Park Zoo,Central Park,Manhattan,United States,40.767777777,-73.971666666,Q954207,Wikidata
Q641873,Lone Pine Koala Sanctuary,Queensland,Queensland,Australia,-27.5329,152.969,Q641873,Wikidata
Q1245716,Wildfreigehege Bend,Grevenbroich,Grevenbroich,Germany,51.08,6.58722,Q1245716,Wikidata
Q674961,Omaha’s Henry Doorly Zoo and Aquarium,Omaha,Omaha,United States,41.224703,-95.928701,Q674961,Wikidata
Q623162,Aquarium of the Americas,Louisiana,Louisiana,United States,29.9503,-90.0631,Q623162,Wikidata
Q1246693,Hochwildpark Rheinland,Mechernich,Mechernich,Germany,50.6064,6.67892,Q1246693,Wikidata
Q953034,Kuterevo,Kuterevo,Kuterevo,Croatia,44.8205,15.1388,Q953034,Wikidata
Q1165722,Târgu Mureș Zoo,Târgu Mureș,Târgu Mureș,Romania,46.551388888,24.593611111,Q1165722,Wikidata
Q1019188,Bear sanctuary Arbesbach,Arbesbach,Arbesbach,Austria,48.4807,14.9267,Q1019188,Wikidata
Q1142942,National Zoo of Malaysia,Gombak,Gombak,Malaysia,3.20972222,101.75777778,Q1142942,Wikidata
Q993926,Asahiyama Zoo,Asahikawa,Asahikawa,Japan,43.76805114,142.4797823,Q993926,Wikidata
Q781321,Australia Zoo,Beerwah,Beerwah,Australia,-26.8366,152.9595,Q781321,Wikidata
Q1193386,Kaliningrad Zoo,Kaliningrad,Kaliningrad,Russia,54.720444,20.487373,Q1193386,Wikidata
Q880487,Münster Zoo,Münster,Münster,Germany,51.9464,7.59167,Q880487,Wikidata
Q1221249,Dierenpark Emmen,Emmen,Emmen,Netherlands,52.785,6.895833333,Q1221249,Wikidata
Q876440,Tier- und Pflanzenpark Fasanerie,Wiesbaden,Wiesbaden,Germany,50.1025,8.19222,Q876440,Wikidata
Q1155919,Georgia Aquarium,Atlanta,Fulton County,United States,33.76343,-84.395075,Q1155919,Wikidata
Q833625,Kabul Zoo,Kabul,Kabul,Afghanistan,34.50944444,69.15527778,Q833625,Wikidata
Q1219892,Nyíregyháza Zoo,Nyíregyháza,Nyíregyháza,Hungary,47.99944444,21.725,Q1219892,Wikidata
Q613676,Moscow Zoo,Tverskoy District,Tverskoy District,Russia,55.761944444,37.577222222,Q613676,Wikidata
Q725108,Skansen,Stockholm,Stockholm Municipality,Sweden,59.32445,18.101,Q725108,Wikidata
Q1033037,Orsa Grönklitt,Orsa Municipality,Orsa Municipality,Sweden,61.2075,14.540278,Q1033037,Wikidata
Q708915,Korea Central Zoo,Pyongyang,Pyongyang,North Korea,39.075,125.815,Q708915,Wikidata
Q821403,Berliner Aquarium Unter den Linden,Berlin,Berlin,Germany,52.517,13.3834,Q821403,Wikidata
Q1064813,Taronga Zoo,New South Wales,New South Wales,Australia,-33.843333333,151.241111111,Q1064813,Wikidata
Q752283,Schönbrunn Zoo,Schönbrunn,Schönbrunn,Austria,48.182222222,16.3025,Q752283,Wikidata
Q679067,Wilhelma,Stuttgart,Stuttgart,Germany,48.805,9.205,Q679067,Wikidata
Q1112760,Kittenberger Kálmán Zoo & Botanical Garden,Veszprém,Veszprém,Hungary,47.094444444,17.894444444,Q1112760,Wikidata
Q647587,Arignar Anna Zoological Park,Chengalpattu district,Chengalpattu district,India,12.885,80.0953,Q647587,Wikidata
Q955173,Randers Tropical Zoo,Randers Municipality,Randers Municipality,Denmark,56.45694444,10.0325,Q955173,Wikidata
Q1054648,Tennōji Zoo,Tennōji Park,Chausuyama,Japan,34.6526,135.508,Q1054648,Wikidata
Q847845,Alaska Zoo,Alaska,Alaska,United States,61.1248,-149.792,Q847845,Wikidata
Q1043283,National Zoological Park,Rock Creek Park,"Washington, D.C.",United States,38.929444444,-77.049722222,Q1043283,Wikidata
Q818395,San Diego Zoo,Balboa Park,San Diego,United States,32.736111111,-117.151388888,Q818395,Wikidata
Q901214,Queens Zoo,New York,New York,United States,40.745,-73.848333333,Q901214,Wikidata
Q1267646,Dusit Zoo,Dusit,Dusit,Thailand,13.7725,100.516388888,Q1267646,Wikidata
Q765055,Tierpark Zittau,Zittau,Zittau,Germany,50.9014,14.8325,Q765055,Wikidata
Q927893,Zoo Băneasa,Bucharest,Bucharest,Romania,44.5174,26.1039,Q927893,Wikidata
Q1242860,Pécs Zoo,Pécs,Pécs,Hungary,46.0938,18.2269,Q1242860,Wikidata
Q968298,Africam Safari,,,Mexico,18.9371194,-98.1367064,Q968298,Wikidata
Q944021,Thủ Lệ Park,,,Vietnam,21.03028,105.8075,Q944021,Wikidata
Q736873,Port Lympne Wild Animal Park,Hythe,Hythe,United Kingdom,51.076111111,0.999444444,Q736873,Wikidata
Q647766,Jijamata Udyaan,Mumbai,Mumbai,India,18.9781154,72.8367457,Q647766,Wikidata
Q861318,Nogeyama Zoo,Nogeyama Park,Oimatsuchō,Japan,35.446556,139.622873,Q861318,Wikidata
Q649904,Dolphin Research Center,Florida,Florida,United States,24.76696,-80.94552,Q649904,Wikidata
Q683361,Tierpark Bern,Kirchenfeld,Bern,Switzerland,46.9344,7.44972,Q683361,Wikidata
Q734260,Blackpool Zoo,Blackpool,Blackpool,United Kingdom,53.8156,-3.01278,Q734260,Wikidata
Q597498,Wildwood Discovery Park,Canterbury,Canterbury,United Kingdom,51.3311,1.11917,Q597498,Wikidata
Q929075,Brookfield Zoo,Brookfield,Brookfield,United States,41.8327,-87.8335,Q929075,Wikidata
Q581344,Denver Zoo,Denver,Denver,United States,39.75,-104.95,Q581344,Wikidata
Q1046034,Shymkent Zoo,Shymkent,Shymkent,Kazakhstan,42.378461111,69.624222222,Q1046034,Wikidata
Q1019189,Bärenwald Müritz,Stuer,Stuer,Germany,53.3872,12.3264,Q1019189,Wikidata
Q741395,Toronto Zoo,Ontario,Ontario,Canada,43.820277777,-79.182222222,Q741395,Wikidata
Q688446,Knie's Kinderzoo,Rapperswil-Jona,Rapperswil-Jona,Switzerland,47.223652,8.821989,Q688446,Wikidata
Q862533,Naypyidaw Zoological Gardens,,,Myanmar,19.863937,96.255815,Q862533,Wikidata
Q1149264,Leningrad Zoo,Alexander Park,Saint Petersburg,Russia,59.95353,30.30846,Q1149264,Wikidata
Q1127326,Smithsonian Conservation Biology Institute,Virginia,Virginia,United States,38.8877,-78.1652,Q1127326,Wikidata
Q686220,Nuremberg Zoo,Nuremberg,Nuremberg,Germany,49.447367421,11.144819921,Q686220,Wikidata
Q1189553,Bristol Zoo,City of Bristol,City of Bristol,United Kingdom,51.463333333,-2.622222222,Q1189553,Wikidata
Q591131,Taipei Zoo,Wenshan District,Wenshan District,Taiwan,25.0026,121.582,Q591131,Wikidata
Q922908,Paramaribo Zoo,Paramaribo District,Paramaribo District,Suriname,5.8473,-55.15966,Q922908,Wikidata
Q1265654,Kurpfalz-Park,Wachenheim,Wachenheim,Germany,49.4134,8.1052,Q1265654,Wikidata
Q1067861,Chengdu Research Base of Giant Panda Breeding,Chengdu,Chengdu,People's Republic of China,30.73861111,104.14194444,Q1067861,Wikidata
Q794426,Tierpark Görlitz,Görlitz,Görlitz,Germany,51.1421,14.9801,Q794426,Wikidata
Q865749,Birmingham Zoo,Birmingham,Birmingham,United States,33.4874,-86.7796,Q865749,Wikidata
Q505518,Sea World,Gold Coast,Gold Coast,Australia,-27.9559,153.4257,Q505518,Wikidata
Q220013,Barcelona Zoo,Parc de la Ciutadella,"Sant Pere, Santa Caterina i la Ribera",Spain,41.387883,2.191194,Q220013,Wikidata
Q438680,Alternativer Bärenpark Worbis,Leinefelde-Worbis,Leinefelde-Worbis,Germany,51.4272,10.3469,Q438680,Wikidata
Q220257,Krakow Zoo,Las Wolski,Zwierzyniec,Poland,50.054581,19.853196,Q220257,Wikidata
Q382301,Affenberg Landskron,Villach,Villach,Austria,46.6432,13.9007,Q382301,Wikidata
Q220127,Zoo in der Wingst,Wingst,Wingst,Germany,53.742944444,9.081444444,Q220127,Wikidata
Q260740,Belize Zoo,Belize City,Belize City,Belize,17.35361111,-88.54972222,Q260740,Wikidata
Q220053,Zoo Linz,Linz,Linz,Austria,48.3104,14.2634,Q220053,Wikidata
Q220070,Zoo Opole,Nadodrze,Nadodrze,Poland,50.65504,17.92447,Q220070,Wikidata
Q431681,Miskolc Zoo,Miskolc,Miskolc,Hungary,48.12398333,20.65631667,Q431681,Wikidata
Q220080,Salzburg Zoo,Salzburg,Salzburg,Austria,47.756824,13.064075,Q220080,Wikidata
Q220004,Augsburg Zoo,Augsburg,Augsburg,Germany,48.3478,10.9144,Q220004,Wikidata
Q220059,Zoo Mainz,Mainz,Mainz,Germany,50.006381,8.203021,Q220059,Wikidata
Q136330,ZOOM Erlebniswelt,Gelsenkirchen,Gelsenkirchen,Germany,51.5441,7.11094,Q136330,Wikidata
Q300758,Aachener Tierpark Euregiozoo,Forst,Aachen-Mitte,Germany,50.76311,6.1153,Q300758,Wikidata
Q220116,Bremerhaven Zoo,Bremerhaven,Bremerhaven,Germany,53.5447,8.57028,Q220116,Wikidata
Q220262,Osijek Zoo and Aquarium,Osijek,Osijek,Croatia,45.56833333,18.66805556,Q220262,Wikidata
Q220243,Zoologischer Garten Eberswalde,Eberswalde,Eberswalde,Germany,52.8222,13.7822,Q220243,Wikidata
Q220035,Heidelberg Zoo,Heidelberg,Heidelberg,Germany,49.4153,8.66083,Q220035,Wikidata
Q220036,Frankfurt Zoological Garden,Frankfurt,Frankfurt,Germany,50.1156,8.70314,Q220036,Wikidata
Q220087,Zoo Schwerin,Schwerin,Schwerin,Germany,53.605,11.4431,Q220087,Wikidata
Q373187,Whipsnade Zoo,Dunstable,Dunstable,United Kingdom,51.849722222,-0.544166666,Q373187,Wikidata
Q220064,Parc Zoologique et Botanique de Mulhouse,Mulhouse,Mulhouse,France,47.73616667,7.34794444,Q220064,Wikidata
Q220083,Beijing Zoo,Zhanlanlu Subdistrict,Zhanlanlu Subdistrict,People's Republic of China,39.938611111,116.333333333,Q220083,Wikidata
Q220055,Leipzig Zoological Garden,Leipzig,Leipzig,Germany,51.34842,12.3706,Q220055,Wikidata
Q158859,Bitola Zoo,Bitola,Bitola Municipality,North Macedonia,41.0146,21.3415,Q158859,Wikidata
Q220245,Zoologischer Garten Halle,Halle (Saale),Halle (Saale),Germany,51.50527778,11.9625,Q220245,Wikidata
Q220051,Zoo Landau,Rhineland-Palatinate,Rhineland-Palatinate,Germany,49.2028,8.11083,Q220051,Wikidata
Q220120,Zoo de Servion,Servion,Servion,Switzerland,46.565,6.77388889,Q220120,Wikidata
Q94465,Eram Zoo,District 5,District 5,Iran,35.718527777,51.293583333,Q94465,Wikidata
Q495039,National Zoo & Aquarium,Australian Capital Territory,Australian Capital Territory,Australia,-35.3006,149.069,Q495039,Wikidata
Q382304,Affenberg Salem,Bodenseekreis,Bodenseekreis,Germany,47.75972222,9.24722222,Q382304,Wikidata
Q154828,Berlin Zoological Garden,Tiergarten,Bezirk Mitte,Germany,52.508333333,13.3375,Q154828,Wikidata
Q220259,Zoologischer Garten Neunkirchen,Neunkirchen,Neunkirchen,Germany,49.3453,7.20583,Q220259,Wikidata
Q220027,Dublin Zoo,Dublin,Dublin,Ireland,53.353888888,-6.303888888,Q220027,Wikidata
Q220094,Tallinn Zoo,,,Estonia,,,Q220094,Wikidata
Q220258,Zoologischer Garten Magdeburg,Magdeburg,Magdeburg,Germany,52.168056,11.641111,Q220258,Wikidata
Q220057,Copenhagen Zoo,Frederiksberg Municipality,Frederiksberg Municipality,Denmark,55.672777777,12.521388888,Q220057,Wikidata
Q219996,Zoo Aschersleben,Aschersleben,Aschersleben,Germany,51.7522,11.4392,Q219996,Wikidata
Q220068,Zoo Osnabrück,Osnabrück,Osnabrück,Germany,52.25,8.07028,Q220068,Wikidata
Q220075,Rostock Zoo,Gartenstadt/Stadtweide,Gartenstadt/Stadtweide,Germany,54.0781,12.0904,Q220075,Wikidata
Q166851,Nordens Ark,Sotenäs Municipality,Sotenäs Municipality,Sweden,58.441111111,11.435,Q166851,Wikidata
Q220023,Buenos Aires Eco-Park,Buenos Aires,Buenos Aires,Argentina,-34.58097222,-58.42,Q220023,Wikidata
Q502326,Tierpark Hagenbeck,Stellingen,Eimsbüttel,Germany,53.59638889,9.93777778,Q502326,Wikidata
Q220238,Zoologischer Garten Düsseldorf,Düsseldorf,Düsseldorf,Germany,51.24194444,6.80527778,Q220238,Wikidata
Q81821,Hiroshima City Asa Zoological Park,Asakita-ku,Asakita-ku,Japan,34.497856,132.44069,Q81821,Wikidata
Q220254,Zoological Garden of Hamburg,Hamburg,Hamburg,German Reich,53.563241,9.982088,Q220254,Wikidata
Q220109,Zürich Zoo,Zurich,Zurich,Switzerland,47.385,8.57305556,Q220109,Wikidata
Q220065,Zoo Neuwied,Neuwied,Neuwied,Germany,50.4531,7.5625,Q220065,Wikidata
Q220207,Hong Kong Zoological and Botanical Gardens,Central and Western District,Central and Western District,People's Republic of China,22.277777777,114.156388888,Q220207,Wikidata
Q220125,La Palmyre Zoo,Les Mathes,Les Mathes,France,45.68752778,-1.16691667,Q220125,Wikidata
Q162722,Ueno Zoo,Ueno-kōen,Ueno-kōen,Japan,35.7175,139.771388888,Q162722,Wikidata
Q266269,Amazon World Zoo Park,Isle of Wight,Isle of Wight,United Kingdom,50.6558,-1.22,Q266269,Wikidata
Q220113,Zagreb Zoo,Zagreb,Zagreb,Croatia,45.8221,16.021285,Q220113,Wikidata
Q270263,London Zoo,City of Westminster,City of Westminster,United Kingdom,51.535555555,-0.155833333,Q270263,Wikidata
Q220112,Zoo al Maglio,Magliaso,Magliaso,Switzerland,45.985,8.87666667,Q220112,Wikidata
Q220063,Lisbon Zoo,São Domingos de Benfica,São Domingos de Benfica,Portugal,38.743253,-9.169002,Q220063,Wikidata
Q220045,Korkeasaari Zoo,Mustikkamaa–Korkeasaari,Helsinki,Finland,60.175,24.984166666,Q220045,Wikidata
Q220232,Bratislava Zoo,Bratislava,Bratislava,Slovakia,48.16222222,17.07444444,Q220232,Wikidata
Q220001,Zoo Atlanta,Atlanta,Fulton County,United States,33.73248,-84.369669444,Q220001,Wikidata
Q220237,Wrocław Zoological Garden,Wrocław,Wrocław,Poland,51.104708,17.070752,Q220237,Wikidata
Q302897,Hirakata Park,Hirakata,Hirakata,Japan,34.80577778,135.63813056,Q302897,Wikidata
Q390504,Royal Burgers' Zoo,Arnhem,Arnhem,Netherlands,52.009722,5.9,Q390504,Wikidata
Q220037,Zoo Hoyerswerda,Hoyerswerda,Hoyerswerda,Germany,51.4382,14.2486,Q220037,Wikidata
Q220033,Hanover Zoo,Mitte,Mitte,Germany,52.380537,9.771062,Q220033,Wikidata
Q220043,Kathmandu Zoo,Lalitpur,Lalitpur,Nepal,27.6731849,85.3109334,Q220043,Wikidata
Q165073,NaturZoo Rheine,Rheine,Rheine,Germany,52.297,7.42239,Q165073,Wikidata
Q129322,Tierpark Bad Pyrmont,Bad Pyrmont,Bad Pyrmont,Germany,51.97972222,9.25166667,Q129322,Wikidata
Q220123,Zoo d'Amnéville,Amnéville,Amnéville,France,49.24611111,6.13916667,Q220123,Wikidata
Q220009,Basel Zoo,Basel,Basel,Switzerland,47.547336111,7.578763888,Q220009,Wikidata
Q220261,Warsaw Zoo,Praga-Północ,Praga-Północ,Poland,52.25777778,21.02222222,Q220261,Wikidata
Q202120,Luisenpark,Mannheim,Mannheim,Germany,49.4827,8.4974,Q202120,Wikidata
Q220047,Zoo La Barben,La Barben,La Barben,France,43.62472222,5.205,Q220047,Wikidata
Q28980,Manila Ocean Park,Manila,Manila,Philippines,14.579305555,120.972486111,Q28980,Wikidata
Q220029,Duisburg Zoo,Duisburg,Duisburg,Germany,51.4353,6.80528,Q220029,Wikidata
Q370775,ABQ BioPark Zoo,New Mexico,New Mexico,United States,35.0776,-106.663,Q370775,Wikidata
Q220003,Antwerp Zoo,Antwerp,Antwerp,Belgium,51.216389,4.423333,Q220003,Wikidata
Q220084,Schmiding Zoo,Krenglbach,Krenglbach,Austria,48.1944,13.9564,Q220084,Wikidata
Q478839,Arizona-Sonora Desert Museum,Arizona,Arizona,United States,32.243888888,-111.168055555,Q478839,Wikidata
Q476413,Tierwelt Herberstein,Stubenberg,Stubenberg,Austria,47.2192,15.8125,Q476413,Wikidata
Q220114,Zoo Lagos,Freguesia de Barão de São João,Lagos,Portugal,37.145172209,-8.766347932,Q220114,Wikidata
Q290283,Karagandy Zoo,Karaganda,Karaganda,Kazakhstan,49.786725,73.06023889,Q290283,Wikidata
Q220265,Karlsruhe Zoo,Karlsruhe,Karlsruhe,Germany,48.9978,8.40167,Q220265,Wikidata
Q220103,The Green Zoo Wuppertal,Wuppertal,Wuppertal,Germany,51.2397,7.11222,Q220103,Wikidata
Q220221,Stazione Zoologica Anton Dohrn,Naples,Naples,Italy,40.8327,14.23577,Q220221,Wikidata
Q220255,Zoologischer Garten Hof,Hof,Hof,Germany,50.3308,11.9247,Q220255,Wikidata
Q220024,Dresden Zoo,Dresden,Dresden,Germany,51.0369,13.7539,Q220024,Wikidata
Q220086,Prague Zoo,Troja,Troja,Czech Republic,50.116944,14.406111,Q220086,Wikidata
Q460607,Haus des Meeres,Mariahilf,Mariahilf,Austria,48.1977,16.3529,Q460607,Wikidata
Q296768,Öland Zoo and Amusement Park,Färjestaden,Mörbylånga Municipality,Sweden,56.670555555,16.490277777,Q296768,Wikidata
Q220041,Kaiserslautern Zoo,Kaiserslautern,Kaiserslautern,Germany,49.4661,7.68056,Q220041,Wikidata
Q382294,Affen- und Vogelpark Eckenhagen,Reichshof,Reichshof,Germany,50.9967,7.69191,Q382294,Wikidata
Q220014,Zoo Dortmund,Dortmund,Dortmund,Germany,51.4744,7.47083,Q220014,Wikidata
Q220128,Zoo La Garenne,Le Vaud,Le Vaud,Switzerland,46.47777778,6.24305556,Q220128,Wikidata
Q40682,Dolfinarium Harderwijk,Harderwijk,Harderwijk,Netherlands,52.353889,5.6175,Q40682,Wikidata
Q328819,Eekholt Wildlife Park,Segeberg District,Segeberg District,Germany,53.9492,10.0288,Q328819,Wikidata
Q3364322,Parc des Félins,Lumigny-Nesles-Ormeaux,Lumigny-Nesles-Ormeaux,France,48.709456,2.956738,Q3364322,Wikidata
Q3523523,Mysore Zoo,Mysore,Mysore,India,12.3008,76.6677,Q3523523,Wikidata
Q3364777,Parc zoologique de Champrepus,Champrepus,Champrepus,France,48.8339,-1.32417,Q3364777,Wikidata
Q3375717,Chapultepec Zoo,Miguel Hidalgo,Miguel Hidalgo,Mexico,19.42391944,-99.18921667,Q3375717,Wikidata
Q3337076,Natur'Zoo de Mervent,Mervent,Mervent,France,46.511,-0.74604,Q3337076,Wikidata
Q3570845,Xcaret,Playa del Carmen Municipality,Playa del Carmen Municipality,Mexico,20.57805556,-87.11916667,Q3570845,Wikidata
Q3364125,Ben Aknoun Park,Algiers,Algiers,Algeria,36.744444444,3.008333333,Q3364125,Wikidata
Q3364375,Hann Forest and Zoological Park,Hann Bel-Air,Hann Bel-Air,Senegal,14.7240151,-17.4331397,Q3364375,Wikidata
Q3364784,Parc zoologique de Jurques,Dialan sur Chaîne,Dialan sur Chaîne,France,49.0025,-0.753056,Q3364784,Wikidata
Q3303225,Kitee Zoo,Kitee,Kitee,Finland,62.04583333,29.89833333,Q3303225,Wikidata
Q3350326,Bangladesh National Zoo,Dhaka,,Bangladesh,23.812674,90.3446102,Q3350326,Wikidata
Q3312270,Micropolis,Saint-Léons,Saint-Léons,France,44.215111111,2.988805555,Q3312270,Wikidata
Q3214175,La planète des Crocodiles,Civaux,Civaux,France,46.449895,0.664211,Q3214175,Wikidata
Q3493970,Nehru Zoological Park,Hyderabad,Hyderabad,India,17.35111111,78.44972222,Q3493970,Wikidata
Q3228523,Le rocher des aigles,Rocamadour,Rocamadour,France,44.801858719,1.612450791,Q3228523,Wikidata
Q3492797,Spaycific'Zoo,Spay,Spay,France,47.92138889,0.14,Q3492797,Wikidata
Q3363939,Parc animalier de Sainte-Croix,Rhodes,Rhodes,France,48.7719,6.89583,Q3363939,Wikidata
Q3295344,Higashiyama Zoo and Botanical Gardens,Higashiyama Park,Chikusa-ku,Japan,35.15833333,136.97777778,Q3295344,Wikidata
Q3364159,Parc de Saint-Vrain,Saint-Vrain,Saint-Vrain,France,48.5322,2.33444,Q3364159,Wikidata
Q3363933,Parc animalier de Courzieu,Courzieu,Courzieu,France,45.7518,4.60064,Q3363933,Wikidata
Q3364795,Parc zoologique du Cap Ferrat,Saint-Jean-Cap-Ferrat,Saint-Jean-Cap-Ferrat,France,43.69,7.32361,Q3364795,Wikidata
Q3364809,National Zoological Park Delhi,Jangpura tehsil,Jangpura tehsil,India,28.6044359,77.2461981,Q3364809,Wikidata
Q3540776,Tropiquarium de Servion,Servion,Servion,Switzerland,,,Q3540776,Wikidata
Q3457649,Réserve zoologique de Sauvage,Émancé,Émancé,France,48.5863,1.74712,Q3457649,Wikidata
Q3363889,Parc Phœnix,Nice,Nice,France,43.668111111,7.215611111,Q3363889,Wikidata
Q3364339,Parc du Belvédère,Tunis,Tunis,Tunisia,36.8225,10.1733,Q3364339,Wikidata
Q3364352,Parc du Reynou,Le Vigen,Le Vigen,France,45.759166666,1.299722222,Q3364352,Wikidata
Q3346440,Alipore Zoological Gardens,"Ward No. 74, Kolkata Municipal Corporation","Ward No. 74, Kolkata Municipal Corporation",India,22.535913,88.332053,Q3346440,Wikidata
Q3457155,Réserve de bisons d'Europe de Sainte-Eulalie,Sainte-Eulalie,Sainte-Eulalie,France,44.8013,3.47996,Q3457155,Wikidata
Q3558984,Village des tortues,Carnoules,Carnoules,France,43.30159,6.21043,Q3558984,Wikidata
Q3484004,Silver Springs,Silver Springs,Marion County,United States,29.2181,-82.0545,Q3484004,Wikidata
Q3364797,Parc zoologique des Sables d'Olonnes,Les Sables-d'Olonne,Les Sables-d'Olonne,France,46.48391,-1.75562,Q3364797,Wikidata
Q3521808,The Maryland Zoo,Baltimore,Baltimore,United States,39.323333333,-76.649444444,Q3521808,Wikidata
Q3364860,Parco Natura Viva,Bussolengo,Bussolengo,Italy,45.4786,10.7969,Q3364860,Wikidata
Q3364766,Longleat Safari and Adventure Park,Horningsham,Horningsham,United Kingdom,51.19,-2.261,Q3364766,Wikidata
Q3495905,Padmaja Naidu Himalayan Zoological Park,Darjeeling,Darjeeling,India,27.0586099,88.254405,Q3495905,Wikidata
Q3535500,Touroparc Zoo,Romanèche-Thorins,Romanèche-Thorins,France,46.1812,4.7516,Q3535500,Wikidata
Q3364781,Parc zoologique de Bordeaux Pessac,Pessac,Pessac,France,44.8037,-0.696042,Q3364781,Wikidata
Q3205779,L'île aux Serpents,,,France,,,Q3205779,Wikidata
Q3364803,Zoo and Botanical Garden of Branféré,Le Guerno,Le Guerno,France,47.5951,-2.39549,Q3364803,Wikidata
Q3498147,Silesian Zoological Garden,Silesian Park,Chorzów,Poland,50.281661,18.993473,Q3498147,Wikidata
Q3363768,Parc Argonne Découverte,Olizy-Primat,Olizy-Primat,France,49.3505,4.7934,Q3363768,Wikidata
Q3576013,Zoo d'Amiens,Amiens,Amiens,France,49.9005,2.27788,Q3576013,Wikidata
Q3364799,Parc zoologique et forestier Michel-Corbasson,South Province,South Province,France,-22.2583,166.45694,Q3364799,Wikidata
Q3364780,Parc zoologique de Fort-Mardyck Dunkerque Grand Littoral,Dunkirk,Dunkirk,France,51.029769,2.309536,Q3364780,Wikidata
Q3253024,Aalborg Zoo,Aalborg Municipality,Aalborg Municipality,Denmark,57.0368,9.8982,Q3253024,Wikidata
Q3330896,Muséum de Besançon,Besançon,Besançon,France,47.2314,6.03246,Q3330896,Wikidata
Q3363875,Parc Omega,Montebello,Montebello,Canada,45.6856524,-74.9584188,Q3363875,Wikidata
Q3364798,São Paulo Zoo,São Paulo,São Paulo,Brazil,-23.650888888,-46.6205,Q3364798,Wikidata
Q3363942,Haute Touche Zoological Park,Obterre,Obterre,France,46.8852,1.07629,Q3363942,Wikidata
Q3266986,Lithuanian Zoo,Kaunas County,Kaunas County,Lithuania,54.90138889,23.95138889,Q3266986,Wikidata
Q3364320,Parc des oiseaux,Villars-les-Dombes,Villars-les-Dombes,France,45.9932,5.0266,Q3364320,Wikidata
Q3337557,Royev Ruchey Zoo,Krasnoyarsk,Krasnoyarsk,Russia,55.96556,92.73111,Q3337557,Wikidata
Q3364787,Parc zoologique de Lisieux,Hermival-les-Vaux,Hermival-les-Vaux,France,49.1821,0.311608,Q3364787,Wikidata
Q3427461,Reptile Gardens,South Dakota,South Dakota,United States,43.9904,-103.272,Q3427461,Wikidata
Q3363938,Parc animalier de Pradinas,,,France,,,Q3363938,Wikidata
Q3333182,Ménagerie royale de Versailles,Versailles,Versailles,France,48.803588,2.094004,Q3333182,Wikidata
Q3363936,Parc animalier de Gramat,Gramat,Gramat,France,44.759038,1.727192,Q3363936,Wikidata
Q3576016,zoo de Banja Luka,Banja Luka,Banja Luka,Bosnia and Herzegovina,44.7991,17.2293,Q3576016,Wikidata
Q3364279,Parc Jardins du Monde,Royan,Royan,France,45.63,-1.0125,Q3364279,Wikidata
Q3364789,Espace zoologique de Saint-Martin-la-Plaine,Saint-Martin-la-Plaine,Saint-Martin-la-Plaine,France,45.5494,4.58472,Q3364789,Wikidata
Q3405914,Haagse Dierentuin,The Hague,The Hague,Netherlands,52.08694,4.31628,Q3405914,Wikidata
Q3244627,Adelaide Zoo,South Australia,South Australia,Australia,-34.914088888,138.605794444,Q3244627,Wikidata
Q3575597,Kamo Wildlife Sanctuary,,,New Zealand,-35.70080278,174.21020556,Q3575597,Wikidata
Q3576018,Detroit Zoo,Royal Oak,Royal Oak,United States,42.4769,-83.156,Q3576018,Wikidata
Q3364790,Wow Safari Thoiry,Thoiry,Thoiry,France,48.8625,1.788055555,Q3364790,Wikidata
Q3576017,Khao Kheow Open Zoo,Bang Phra,Bang Phra,Thailand,13.216462,101.056382,Q3576017,Wikidata
Q3363937,Parc animalier de Merlet,Les Houches,Les Houches,France,45.9074564,6.8181532,Q3363937,Wikidata
Q3182046,Shanghai Zoo,Shanghai,Shanghai,People's Republic of China,31.195476,121.358757,Q3182046,Wikidata
Q3495242,St. Augustine Alligator Farm Zoological Park,St. Augustine,St. Augustine,United States,29.881389,-81.288333,Q3495242,Wikidata
Q3542641,Ty Warner Sea Center,Stearns Wharf,Santa Barbara County,United States,34.4105,-119.686,Q3542641,Wikidata
Q3213460,La Vanille Nature Park,Savanne District,Savanne District,Mauritius,-20.48527778,57.55083333,Q3213460,Wikidata
Q3436372,Ljubljana Zoo,Ljubljana,Ljubljana,Slovenia,46.055,14.471666666,Q3436372,Wikidata
Q3364791,Parc zoologique de Plaisance du Touch,Plaisance-du-Touch,Plaisance-du-Touch,France,43.55945206,1.26495004,Q3364791,Wikidata
Q3457123,Réserve de Beaumarchais,Autrèche,Autrèche,France,47.5244,0.990561,Q3457123,Wikidata
Q3521787,The Marine Mammal Center,California,California,United States,37.8351,-122.532,Q3521787,Wikidata
Q3276955,Assam State Zoo cum Botanical Garden,Guwahati,Guwahati,India,26.1632,91.7868,Q3276955,Wikidata
Q3302134,Tirana Zoo,Tirana,Tirana,Albania,41.307805555,19.809388888,Q3302134,Wikidata
Q3576014,Asson Zoo,Asson,Asson,France,43.1284,-0.268153,Q3576014,Wikidata
Q3364810,Parc à loups du Gévaudan,Saint-Léger-de-Peyre,Saint-Léger-de-Peyre,France,44.3623,3.16569,Q3364810,Wikidata
Q3576007,ZooParc de Beauval,Saint-Aignan-sur-Cher,Saint-Aignan-sur-Cher,France,47.24763,1.350442,Q3576007,Wikidata
Q3364779,Cleres Zoological Park,Clères,Clères,France,49.59694444,1.10777778,Q3364779,Wikidata
Q3213172,La Torbiera,Agrate Conturbia,Agrate Conturbia,Italy,45.67497,8.58841,Q3213172,Wikidata
Q3241309,Lincoln Park Zoo,Illinois,Illinois,United States,41.921388888,-87.633888888,Q3241309,Wikidata
Q3391624,Planète Sauvage,Port-Saint-Père,Port-Saint-Père,France,47.11833333,-1.76361111,Q3391624,Wikidata
Q3562223,Ostrava Zoo,Slezská Ostrava,Slezská Ostrava,Czech Republic,49.8456,18.3251,Q3562223,Wikidata
Q3364788,Parc zoologique de Fréjus,Fréjus,Fréjus,France,43.4761,6.73788,Q3364788,Wikidata
Q3310552,Borås djurpark,Borås,Borås,Sweden,57.74138889,12.94916667,Q3310552,Wikidata
Q3363943,Pyrénées Animal Park,Argelès-Gazost,Argelès-Gazost,France,43.0154,-0.0977,Q3363943,Wikidata
Q3476625,Scénoparc iO,Valette,Valette,France,45.259386,2.595434,Q3476625,Wikidata
Q3461255,Safari de Peaugres,Peaugres,Peaugres,France,45.2691,4.717,Q3461255,Wikidata
Q3457650,Réserve Zoologique de Calviac,Calviac-en-Périgord,Calviac-en-Périgord,France,44.85005,1.30974,Q3457650,Wikidata
Q131107298,Parc animalier de Sarakawa,Kara Region,Kara Region,Togo,9.62576,0.97628,Q131107298,Wikidata
Q136690541,Wildwood Devon,,,United Kingdom,50.774309603,-3.305235558,Q136690541,Wikidata
Q112103485,Q112103485,Hlohovec,Hlohovec,Slovakia,48.4201,17.7853,Q112103485,Wikidata
Q139537377,Q139537377,Hradec Králové,Hradec Králové,Czech Republic,50.1964781,15.7932825,Q139537377,Wikidata
Q138802901,Monkey Sanctuary,Local Municipality of Madibeng,Local Municipality of Madibeng,South Africa,-25.7225,27.806111111,Q138802901,Wikidata
Q264691,Hellabrunn Zoo,Munich,Munich,Germany,48.097069376,11.554206035,Q264691,Wikidata
Q21639891,Измайловский зверинец,,,Russia,,,Q21639891,Wikidata
Q140198998,FUNAAB Zoo Park,Abeokuta,Abeokuta,Nigeria,,,Q140198998,Wikidata
Q140089691,Mehsi Zoo Safari,,,India,,,Q140089691,Wikidata
Q139783319,Q139783319,Lisów,,Poland,50.688611111,20.641111111,Q139783319,Wikidata
Q106708344,Bostock & Wombwell's Novelty Circus & Complete Menagerie,,,United Kingdom,,,Q106708344,Wikidata
Q137921171,"Crocodile Park, Torremolinos",Torremolinos,Torremolinos,Spain,36.62436,-4.50916,Q137921171,Wikidata
Q96278587,The Menagerie Approximately 45 Metres to West of Burton Constable Hall,Burton Constable,Burton Constable,United Kingdom,53.81291,-0.20396,Q96278587,Wikidata
Q137938768,Entopia,Teluk Bahang,Penang,Malaysia,5.447587,100.21522,Q137938768,Wikidata
Q138667725,Jambu Zoo,,,India,32.791927,74.892688,Q138667725,Wikidata
Q1920232,Menagerie van Aken,,,Netherlands,,,Q1920232,Wikidata
Q2404630,Bois de la Bâtie,Geneva,Geneva,Switzerland,46.19828,6.12407,Q2404630,Wikidata
Q140128348,御大典記念福岡市動植物園,Maidashi,Maidashi,Japan,,,Q140128348,Wikidata
Q140374137,Pahoo garh,,,India,,,Q140374137,Wikidata
Q138008949,Ermenonville Zoo,Ermenonville,Ermenonville,France,49.13536389,2.69676667,Q138008949,Wikidata
Q140030221,Mini Zoo Zielona Góra,Zielona Góra,,Poland,51.9220558,15.4955819,Q140030221,Wikidata
Q138511426,The Little Zoo,Gjerstad,Gjerstad,Norway,58.819941,9.071369833,Q138511426,Wikidata
Q2446875,Tower menagerie,,,United Kingdom,51.50805556,-0.07583333,Q2446875,Wikidata
Q120419450,Croc Farm Ivato,Ambohidratrimo,Ambohidratrimo,Madagascar,-18.785555555,47.464722222,Q120419450,Wikidata
Q141174867,Q141174867,Budapest District XIII,Budapest District XIII,Hungary,47.525833333,19.05,Q141174867,Wikidata
Q83136655,jardin des Tortues,Les Avirons,Les Avirons,France,-21.248125,55.342052,Q83136655,Wikidata
Q96605529,gare embarcadère de Sceaux,Sceaux,Sceaux,France,48.77811,2.29617,Q96605529,Wikidata
Q137571107,Kunming Zoo,Kunming,Kunming,People's Republic of China,25.056644234,102.708449812,Q137571107,Wikidata
Q135742269,Parc animalier Montaigu la Brisette,Montaigu-la-Brisette,Montaigu-la-Brisette,France,49.58431,-1.44451,Q135742269,Wikidata
Q138936537,Awajishima Monkey Center,Sumoto,Sumoto,Japan,34.245444444,134.883305555,Q138936537,Wikidata
Q138081793,"Himalayan Zoological Park, Sikkim",Gangtok,Gangtok,India,,,Q138081793,Wikidata
Q141121420,Monte Selvagem,Freguesia de Lavre,Freguesia de Lavre,Portugal,38.8024446,-8.3027733,Q141121420,Wikidata
Q26863608,Wildgehege Brück,,,Germany,50.9394,7.1029,Q26863608,Wikidata
Q137941044,レイクサイドパーク宮沢湖,,,,,,Q137941044,Wikidata
Q60848002,Legendia Parc,Frossay,Frossay,France,,,Q60848002,Wikidata
Q140438971,Changchun Zoological and Botanical Garden,Changchun,Changchun,People's Republic of China,,,Q140438971,Wikidata
Q109044810,ménagerie de Vincennes,Saint-Mandé,Saint-Mandé,France,48.843333333,2.419166666,Q109044810,Wikidata
Q140560123,Zoológico Municipal de Mercedes,Mercedes,Mercedes,Uruguay,-33.243465815,-58.063503042,Q140560123,Wikidata
Q91808229,Menagerie of Blauw Jan,Blauw Jan,Amsterdam,Netherlands,52.369305555,4.897638888,Q91808229,Wikidata
Q97959002,Espace Faune de la forêt d'Orient,Piney,Piney,France,48.280524,4.37066,Q97959002,Wikidata
Q137556044,Baoding Zoo,Baoding,Baoding,People's Republic of China,,,Q137556044,Wikidata
Q2904199,Bioparc de la Gaspésie,Bonaventure,Bonaventure,Canada,48.041071,-65.465759,Q2904199,Wikidata
Q140193414,Bioparc Genève,Bellevue,Bellevue,Switzerland,,,Q140193414,Wikidata
Q137765812,zoo d'Ermenonville,Ermenonville,Ermenonville,France,49.135277777,2.696666666,Q137765812,Wikidata
Q136687552,Medan Zoo,North Sumatra,North Sumatra,Indonesia,3.482323,98.644674,Q136687552,Wikidata
Q137607622,Tierpark Bretten,Bretten,Bretten,Germany,49.017047,8.697705,Q137607622,Wikidata
Q98493797,Ménagerie Dörfchen; In den Hohen Tannen in Aschaffenburg,Aschaffenburg,Aschaffenburg,Germany,49.956452409,9.101075766,Q98493797,Wikidata
Q113611733,Schreyersche Affentheater,Lustspielkino,,Austria,,,Q113611733,Wikidata
Q140185788,"Zoological Garden, University of Ibadan",Ibadan,Ibadan,Nigeria,,,Q140185788,Wikidata
Q137767184,Sincan Zoo,Sincan district,Sincan district,Turkey,39.97412,32.58738,Q137767184,Wikidata
Q138411654,Metalzoo Staré Město,Staré Město,Staré Město,Czech Republic,49.0734617,17.4260878,Q138411654,Wikidata
Q140499599,Lampa Zoo,Lampa,Lampa,Chile,-33.274299309,-70.85233442,Q140499599,Wikidata
Q137571140,Yunnan Wildlife Park,Kunming,Kunming,People's Republic of China,25.099024588,102.77763208,Q137571140,Wikidata
Q140720644,Parque Marino de La Magdalena,Magdalena Peninsula,Santander,Spain,43.470267,-3.772063,Q140720644,Wikidata
Q133545427,parc animalier de la Grande Jeanne,Annecy,Annecy,France,45.884949,6.130108,Q133545427,Wikidata
Q140282897,Q140282897,,,United Kingdom,52.378088,-0.09068,Q140282897,Wikidata
Q136845327,parc zoologique de Bienne,Biel/Bienne,Biel/Bienne,Switzerland,,,Q136845327,Wikidata
Q112093117,Q112093117,Betliar,Betliar,Slovakia,48.71591,20.51292,Q112093117,Wikidata
Q98740586,Ménagerie Zuccalistraße 28 in München,Munich,Munich,Germany,48.154718284,11.499689719,Q98740586,Wikidata
Q136867822,Seoul Zoo,Gyeonggi Province,Gyeonggi Province,South Korea,37.430556,127.017222,Q136867822,Wikidata
Q141130609,Q141130609,Palafolls,Palafolls,Spain,,,Q141130609,Wikidata
Q26506932,"The Menagerie, Stowe Gardens",Stowe Park and Garden,Stowe,United Kingdom,52.030281,-1.019201,Q26506932,Wikidata
Q18667200,Lai Chi Kok Zoo,,,People's Republic of China,,,Q18667200,Wikidata
Q24952457,Gorewada Zoo,Maharashtra,Maharashtra,India,,,Q24952457,Wikidata
Q20671744,Q20671744,Ruinen,De Wolden,Netherlands,52.755277777,6.389136111,Q20671744,Wikidata
Q20801582,Complejo Turistico de Quistococha,Loreto Department,Loreto Department,Peru,-3.829525,-73.322647222,Q20801582,Wikidata
Q22675189,Zoologischer Garten Benedikt,Schwabing-Freimann,Schwabing-Freimann,Germany,48.154651,11.58881,Q22675189,Wikidata
Q20743717,Burgers' Park,Arnhem,Arnhem,Netherlands,,,Q20743717,Wikidata
Q24932132,Reptiland,Martel,Martel,France,44.929728,1.617377,Q24932132,Wikidata
Q20059693,Bauru Zoo,Bauru,Bauru,Brazil,-22.3408333,-49.02,Q20059693,Wikidata
Q25432073,Medenychi Zoo Limpopo,Drohobych Raion,Drohobych Raion,Ukraine,49.433888888,23.758055555,Q25432073,Wikidata
Q24884359,Rolling Hills Zoo,Salina,Salina,United States,38.853341,-97.764771,Q24884359,Wikidata
Q25109977,Suzhou Zoo,Jiangsu,Jiangsu,People's Republic of China,,,Q25109977,Wikidata
Q21877777,Tierpark Streichelzoo Wildgehege Hohe Wand,Hohe Wand,Hohe Wand,Austria,47.83361,16.01965,Q21877777,Wikidata
Q20746419,Debrecen Amusement Park,"Debrecen ""Big Forest"" Nature Conservation Area",Debrecen,Hungary,47.552222222,21.635,Q20746419,Wikidata
Q20858045,Lake Superior Zoo,St. Louis County,St. Louis County,United States,46.725,-92.191,Q20858045,Wikidata
Q22675361,Zoo Ch’ŏngjin,,,North Korea,41.79944444,129.79916667,Q22675361,Wikidata
Q20501036,Q20501036,,,,,,Q20501036,Wikidata
Q24090077,Wildlife HQ Zoo,Queensland,Queensland,Australia,-26.67267222,152.99078056,Q24090077,Wikidata
Q23042812,Q23042812,,,Estonia,,,Q23042812,Wikidata
Q20982041,Tygerberg Zoo,,,South Africa,-33.76686096,18.71512794,Q20982041,Wikidata
Q22080053,Sajjangarh Biological Park,Rajasthan,Rajasthan,India,24.5931841,73.6497259,Q22080053,Wikidata
Q19951248,Refuge de l'Arche,Château-Gontier-sur-Mayenne,Château-Gontier-sur-Mayenne,France,47.8142,-0.700078,Q19951248,Wikidata
Q20971804,Cheptainville Zoo,Cheptainville,Cheptainville,France,48.55446625,2.25948906,Q20971804,Wikidata
Q24232843,Tierpark Rosegg,Rosegg,Rosegg,Austria,46.5845,14.0232,Q24232843,Wikidata
Q19310052,Tierpark Suhl,Suhl,Suhl,Germany,50.611339,10.718676,Q19310052,Wikidata
Q19844562,Q19844562,Kecskemét,Kecskemét,Hungary,46.897777777,19.716666666,Q19844562,Wikidata
Q18923550,Parc de l'Auxois,Arnay-sous-Vitteaux,Arnay-sous-Vitteaux,France,47.4531,4.50433,Q18923550,Wikidata
Q25058046,Shenzhen Safari Park,Shenzhen,Shenzhen,People's Republic of China,22.6,113.97,Q25058046,Wikidata
Q20010227,Abruzzo Zoo,Rocca San Giovanni,Rocca San Giovanni,Italy,42.27411,14.44811,Q20010227,Wikidata
Q23018417,ZooQuarium,Barnstable County,Barnstable County,United States,41.65013056,-70.22499722,Q23018417,Wikidata
Q19949014,Dolfirama,Zandvoort,Zandvoort,Netherlands,,,Q19949014,Wikidata
Q24887967,Great Bend Zoo,Kansas,Kansas,United States,38.373035,-98.766359,Q24887967,Wikidata
Q20671739,Animal Farm,Beverwijk,Beverwijk,Netherlands,52.4963,4.671222222,Q20671739,Wikidata
Q24038908,Kamla Nehru Prani Sangrahalay,,,India,22.702,75.88,Q24038908,Wikidata
Q24930614,Parc'Ours,Borce,Borce,France,42.90609,-0.57503,Q24930614,Wikidata
Q24327983,Río Safari Elche,Elche,Elche,Spain,38.217668659,-0.602061244,Q24327983,Wikidata
Q20658673,Cochrane Polar Bear Habitat,Cochrane,Cochrane,Canada,49.06391,-81.027,Q20658673,Wikidata
Q25058412,Zoo de Doué,Doué-la-Fontaine,Doué-la-Fontaine,France,47.19,-0.3,Q25058412,Wikidata
Q19611523,Eskişehir Zoo,Sazova Science Culture and Art Park,Eskişehir,Turkey,39.768055555,30.476388888,Q19611523,Wikidata
Q18775796,Diergaarde Blijdorp,Blijdorp,Rotterdam,Netherlands,51.926944,4.453333,Q18775796,Wikidata
Q24260926,Reptile World Serpentarium,St. Cloud,St. Cloud,United States,28.2427,-81.2103,Q24260926,Wikidata
Q20671745,Wonder world,Ter Apel,Westerwolde,Netherlands,52.870519444,7.078458333,Q20671745,Wikidata
Q22978671,Out of Africa Wildlife Park,Arizona,Arizona,United States,34.612,-111.924,Q22978671,Wikidata
Q24039827,Wildpark Waldhaus Mehlmeisel,Mehlmeisel,Mehlmeisel,Germany,49.96362,11.84128,Q24039827,Wikidata
Q21062061,Becky Falls,Manaton,Manaton,United Kingdom,50.60648,-3.75594,Q21062061,Wikidata
Q20671743,Pantropica,Luttelgeest,Noordoostpolder,Netherlands,,,Q20671743,Wikidata
Q20850350,BärenPark Bern,Gryphenhübeli,Bern,Switzerland,46.948055555,7.459166666,Q20850350,Wikidata
Q20668225,Vlindorado,Waarland,Schagen,Netherlands,,,Q20668225,Wikidata
Q19968232,Vogelpark Viernheim,Viernheim,Viernheim,Germany,49.55121667,8.58197778,Q19968232,Wikidata
Q19461108,Como's Zoo,Como,Como,Italy,,,Q19461108,Wikidata
Q18987429,Chittagong Zoo,Foy's Lake,Chittagong,Bangladesh,22.36657159,91.79618955,Q18987429,Wikidata
Q20113336,Grünes Meer,Laubach,Laubach,Germany,50.526057,9.071887,Q20113336,Wikidata
Q18619542,Tropicario,Vallila,Helsinki,Finland,60.1939,24.9557,Q18619542,Wikidata
Q19820001,Pinnawala Open Zoo,Pinnawala,Pinnawala,Sri Lanka,7.30056,80.3883,Q19820001,Wikidata
Q19971497,Tiergarten Wels,Wels,Wels,Austria,48.15326309,14.01707458,Q19971497,Wikidata
Q26233829,De Zonnegloed,Oostvleteren,Vleteren,Belgium,50.9404721,2.752609,Q26233829,Wikidata
Q20671747,Utropia,Middelburg,Middelburg,Netherlands,51.498113,3.6264906,Q20671747,Wikidata
Q19931292,Irrland,,,Germany,51.55555556,6.20472222,Q19931292,Wikidata
Q21929398,Cleland Wildlife Park,South Australia,South Australia,Australia,-34.967222222,138.696666666,Q21929398,Wikidata
Q20671740,Aquazoo Leerdam,Leerdam,Leerdam,Netherlands,51.891236111,5.108041666,Q20671740,Wikidata
Q19951206,Parc zoologique Val d'Hérault nature,Saint-Thibéry,Saint-Thibéry,France,43.3826,3.39196,Q19951206,Wikidata
Q18639466,Lovech Zoo,Stratesh,Lovech,Bulgaria,43.1385,24.7276,Q18639466,Wikidata
Q18639853,Varna Zoo,Varna,Varna,Bulgaria,43.2106,27.9371,Q18639853,Wikidata
Q20671742,Eureka Orchideeën en Vogelbush,Oosterend,Texel,Netherlands,53.098722222,4.857436111,Q20671742,Wikidata
Q22061108,Tregembo Animal Park,Wilmington,Wilmington,United States,34.1262,-77.8976,Q22061108,Wikidata
Q24945533,Maitri Baagh Zoo,Bhilai,Bhilai,India,21.169707916,81.353814103,Q24945533,Wikidata
Q21638996,Дом-аквариум,Chelyabinsk,Chelyabinsk,Russia,55.26139,61.38583,Q21638996,Wikidata
Q25633526,Q25633526,,,Egypt,,,Q25633526,Wikidata
Q25663373,Albay Park and Wildlife,Legazpi,Legazpi,Philippines,13.1567822,123.7302008,Q25663373,Wikidata
Q20671741,Q20671741,Breda,Breda,Netherlands,51.593105555,4.815247222,Q20671741,Wikidata
Q20892053,Indian Zoos and Botanical Gardens,,,India,,,Q20892053,Wikidata
Q23991026,Q23991026,Almere Hout,Almere,Netherlands,,,Q23991026,Wikidata
Q18639634,Pleven Zoo,,,Bulgaria,43.3555,24.6431,Q18639634,Wikidata
Q24260317,Reptilienzoo Nockalm,Reichenau,Reichenau,Austria,46.8236598,13.8638543,Q24260317,Wikidata
Q20498601,Dobrich Zoo,Dobrich,Dobrich,Bulgaria,43.559166666,27.843888888,Q20498601,Wikidata
Q20419085,Abu-Tig-Zoo,Asyut Governorate,Asyut Governorate,Egypt,27.053336,31.316598,Q20419085,Wikidata
Q18785823,Zoo des 3 vallées,Montredon-Labessonnié,Montredon-Labessonnié,France,43.7071,2.32773,Q18785823,Wikidata
Q19746000,Q19746000,Semarang,Semarang,Indonesia,-6.97017,110.28853,Q19746000,Wikidata
Q19893153,Rohtak Zoo,Haryana,Haryana,India,28.8789,76.6358,Q19893153,Wikidata
Q18649267,Orsa Rovdjurspark,Orsa Municipality,Orsa Municipality,Sweden,61.212771,14.533067,Q18649267,Wikidata
Q18613882,Zoológico de Moctezuma,,,Mexico,,,Q18613882,Wikidata
Q21973904,Plättli Zoo,,,Switzerland,47.56055556,8.91583333,Q21973904,Wikidata
Q22118342,河北町児童動物園,Kahoku,Kahoku,Japan,,,Q22118342,Wikidata
Q24942915,Dr. Shyama Prasad Mukharjee Surat Municipal Zoo,Gujarat,Gujarat,India,,,Q24942915,Wikidata
Q21065243,Nordsjællands Fuglepark,Gribskov Municipality,Gribskov Municipality,Denmark,56.0647,12.3594,Q21065243,Wikidata
Q19610585,Ankara Zoo,Ankara,Ankara,Turkey,39.946488,32.79176,Q19610585,Wikidata
Q21094200,Safari Borysew Zoo,Borysew,Borysew,Poland,51.882805555,18.93975,Q21094200,Wikidata
Q19613864,İzmir Wildlife Park,Sasalı Merkez,Çiğli district,Turkey,38.491111111,26.963611111,Q19613864,Wikidata
Q20819836,Budakeszi Game Preserve,Budakeszi,Budakeszi,Hungary,47.52492,18.9234,Q20819836,Wikidata
Q20504734,Landgoed Hoenderdaell,Anna Paulowna,Anna Paulowna,Netherlands,52.862824444,4.843425,Q20504734,Wikidata
Q21930126,VOC park and zoo,,,India,11.005718,76.970914,Q21930126,Wikidata
Q20669929,Chengdu Zoo,Chengdu,Chengdu,People's Republic of China,30.711,104.104,Q20669929,Wikidata
Q20439878,Jászberény Zoo,Jászberény,Jászberény,Hungary,47.493298,19.868499,Q20439878,Wikidata
Q18639637,Plovdiv Zoo,Plovdiv,Plovdiv,Bulgaria,42.1439,24.7109,Q18639637,Wikidata
Q18639777,Stara Zagora Zoo,Stara Zagora,Stara Zagora,Bulgaria,42.4383,25.6096,Q18639777,Wikidata
Q20666027,Tierpark Klosterwald,Lich,Lich,Germany,50.494871,8.786978,Q20666027,Wikidata
Q19573583,Parco Safari delle Langhe,Murazzano,Murazzano,Italy,44.49236,8.03104,Q19573583,Wikidata
Q20419098,zoo el-Zagazig,,,Egypt,30.58806,31.495118,Q20419098,Wikidata
Q56514952,Q56514952,Bytom,Bytom,Poland,50.349416666,18.912083333,Q56514952,Wikidata
Q55237812,Kakuzan Zoo,Sange,Tsuyama,Japan,35.061784146,134.006406782,Q55237812,Wikidata
Q55595468,Alligator Bay,Beauvoir,Beauvoir,France,48.597222,-1.504722,Q55595468,Wikidata
Q54609194,Ciruli,Kalvene Parish,Kalvene Parish,Latvia,56.57095,21.612916666,Q54609194,Wikidata
Q27963566,Baluarte Zoo,ビガン,ビガン,Philippines,17.551555555,120.377027777,Q27963566,Wikidata
Q55631889,Rockhampton Zoo,Queensland,Queensland,Australia,-23.397878,150.490753,Q55631889,Wikidata
Q28608679,Brașov Zoo,Brașov,Brașov,Romania,45.6129,25.6317,Q28608679,Wikidata
Q47092617,Hawk Conservancy Trust,Test Valley,Test Valley,United Kingdom,51.207897656,-1.561780191,Q47092617,Wikidata
Q28043528,Jong's Crocodile Farm and Zoo,Siburan,Siburan,Malaysia,1.41297222,110.33569444,Q28043528,Wikidata
Q48215113,Q48215113,Assens Municipality,Assens Municipality,Denmark,55.3833,10.1305,Q48215113,Wikidata
Q39060593,Phuket Zoo,Chalong,Chalong,Thailand,7.842791666,98.357941666,Q39060593,Wikidata
Q29075418,Etelsen Tierpark,Langwedel,Langwedel,Germany,52.99527778,9.1125,Q29075418,Wikidata
Q48814233,Hartley’s Crocodile Adventures,Queensland,Queensland,Australia,-16.66305556,145.56444444,Q48814233,Wikidata
Q47785658,Zooparque Itatiba,Itatiba,Itatiba,Brazil,-23.0460847,-46.7456544,Q47785658,Wikidata
Q55606786,Caversham Wildlife Park,City of Swan,City of Swan,Australia,-31.8336399,115.9510312,Q55606786,Wikidata
Q30503956,Ysitien lemmikki,Jyväskylä,Jyväskylä,Finland,62.245611111,26.039027777,Q30503956,Wikidata
Q56633563,The Scottish Deer Centre,Fife,Fife,United Kingdom,56.3045,-3.088305555,Q56633563,Wikidata
Q42307199,Zoológico Municipal de Volta Redonda,Rio de Janeiro,Rio de Janeiro,Brazil,,,Q42307199,Wikidata
Q28705343,Q28705343,,,,,,Q28705343,Wikidata
Q42796626,Gan Guru,Nir David,Nir David,Israel,32.507777777,35.447666666,Q42796626,Wikidata
Q55634508,Sydney Zoo,City of Blacktown,City of Blacktown,Australia,-33.791111111,150.866944444,Q55634508,Wikidata
Q28794211,Parque ecológico Kurt Beer,Piura Department,Piura Department,Peru,-5.2081164,-80.6673711,Q28794211,Wikidata
Q30099919,Luna Park Zoo,Los Angeles,Los Angeles,United States,34.069802,-118.198545,Q30099919,Wikidata
Q29468071,Downs' Zoological Gardens,Halifax,Halifax,Canada,44.645,-63.626667,Q29468071,Wikidata
Q28222817,Palo Alto Junior Museum and Zoo,Palo Alto,Palo Alto,United States,37.4438,-122.1443,Q28222817,Wikidata
Q28934505,Zoo Arche Noah Grömitz,Grömitz,Grömitz,Germany,54.153916666,10.960277777,Q28934505,Wikidata
Q27791459,Bioparque Estrella,Nuevo León,Nuevo León,Mexico,25.11669,-99.91533,Q27791459,Wikidata
Q38278109,Tsushima Wildlife Conservation Center,Tsushima,Tsushima,Japan,34.643611,129.323028,Q38278109,Wikidata
Q41793070,Q41793070,Katzrin,Katzrin,Israel,32.990055555,35.708138888,Q41793070,Wikidata
Q54940210,Tierpark Wittenberg,Lutherstadt Wittenberg,Lutherstadt Wittenberg,Germany,51.869253,12.640827,Q54940210,Wikidata
Q55670166,Parc aux animaux du Bois-de-la-Bâtie,Geneva,Geneva,Switzerland,,,Q55670166,Wikidata
Q47462824,Nagaland Zoological Park,Dimapur district,Dimapur district,India,25.853371,93.724281,Q47462824,Wikidata
Q33093649,Bioparque Amaru,Cuenca,Cuenca,Ecuador,,,Q33093649,Wikidata
Q56291291,Zamość Zoo,Zamość,Zamość,Poland,50.7167,23.2393,Q56291291,Wikidata
Q41442819,Q41442819,Matzuva,Matzuva,Israel,33.062305555,35.155666666,Q41442819,Wikidata
Q34897344,Bergen County Zoological Park,Bergen County,Bergen County,United States,40.933333333,-74.045555555,Q34897344,Wikidata
Q41860391,Q41860391,Sde Boker,Sde Boker,Israel,30.8495,34.780972222,Q41860391,Wikidata
Q28496300,Rabat Zoo,Temara,Temara,Morocco,33.95548,-6.894258,Q28496300,Wikidata
Q55609994,Drakenstein Lion Park,Drakenstein Local Municipality,Drakenstein Local Municipality,South Africa,-33.795384,18.909841,Q55609994,Wikidata
Q27926364,Tierpark Wismar,Wismar,Wismar,Germany,53.888166666,11.431083333,Q27926364,Wikidata
Q41794740,Monkey Forest,Yodfat,Yodfat,Israel,32.838361111,35.274555555,Q41794740,Wikidata
Q55692233,Steppentierpark Pamhagen,Pamhagen,Pamhagen,Austria,47.7325,16.9143,Q55692233,Wikidata
Q53584875,Zoo der Minis,Aue,Aue,Germany,50.582463,12.711303,Q53584875,Wikidata
Q56261042,Sikypark,Crémines,Crémines,Switzerland,47.273611,7.456111,Q56261042,Wikidata
Q42309306,Idaho Falls Zoo,Idaho Falls,Idaho Falls,United States,,,Q42309306,Wikidata
Q56452367,Wildpark Knüll,Homberg (Efze),Homberg (Efze),Germany,50.988298,9.433079,Q56452367,Wikidata
Q32759958,Q32759958,Horní Pěna,Horní Pěna,Czech Republic,49.1074661,15.032474,Q32759958,Wikidata
Q53336437,High Park Zoo,Toronto,Toronto,Canada,43.64325,-79.46246,Q53336437,Wikidata
Q55713636,Shepreth Wildlife Park,Shepreth,Shepreth,United Kingdom,52.114529268,0.035486776,Q55713636,Wikidata
Q56349389,Uda Animal Park,Uda,Uda,Japan,34.488888888,135.932777777,Q56349389,Wikidata
Q49237814,Zoologischer Garten Leipzig,Leipzig,Leipzig,Germany,51.349284,12.372029,Q49237814,Wikidata
Q48724223,Kurumbapatti Zoological Park,Tamil Nadu,Tamil Nadu,India,11.744153,78.170944,Q48724223,Wikidata
Q29025197,Comilla Zoo and Botanical Garden,,,Bangladesh,23.47222222,91.17138889,Q29025197,Wikidata
Q29214247,Leśny Park Niespodzianek,Ustroń,Ustroń,Poland,49.7179719,18.8314889,Q29214247,Wikidata
Q49720041,Wildlife Enclosure Herborn,Herborn,Herborn,Germany,50.68483,8.2915,Q49720041,Wikidata
Q48811496,Zoo di Torino,Parco Michelotti,Turin,Italy,45.06602821,7.703054211,Q48811496,Wikidata
Q31197279,Israel Antelope Ranch,Arabah,Arabah,Israel,30.577944444,35.18275,Q31197279,Wikidata
Q56283724,Tierpark Röhrensee,Bayreuth,Bayreuth,Germany,49.93,11.572,Q56283724,Wikidata
Q30933196,GramadoZoo,Gramado,Gramado,Brazil,,,Q30933196,Wikidata
Q28311039,Monteverde Theme Park,Monteverde,Monteverde,Costa Rica,10.315495,-84.8261901,Q28311039,Wikidata
Q48797664,Samphran Elephant Ground & Zoo,Sam Phran,Sam Phran,Thailand,13.721479,100.2552196,Q48797664,Wikidata
Q28004709,SeaWorld Abu Dhabi,Abu Dhabi,Abu Dhabi,United Arab Emirates,24.485668,54.618535,Q28004709,Wikidata
Q56606074,Lake District Wildlife Park,Allerdale,Allerdale,United Kingdom,54.684202291,-3.233714103,Q56606074,Wikidata
Q31628708,Eco Zoológico San Martín,Baños,Baños,Ecuador,,,Q31628708,Wikidata
Q48901330,海峡パンダ研究交流センター,,,,,,Q48901330,Wikidata
Q55009965,Avesta visentpark,Avesta Municipality,Avesta Municipality,Sweden,60.148116666,16.13175,Q55009965,Wikidata
Q56422482,Grădina Zoologică din Craiova,Craiova,Craiova,Romania,,,Q56422482,Wikidata
Q52232642,Витебский зоопарк,Vitebsk,Vitebsk,Belarus,55.16798,30.30339,Q52232642,Wikidata
Q41636597,Zoo-Botanical Garden Nahariya,Nahariya,Nahariya,Israel,33.025611111,35.10075,Q41636597,Wikidata
Q48732995,DG Khan Zoo,,,Pakistan,30.041591106,70.626498244,Q48732995,Wikidata
Q56611702,Woodside Wildlife Park,Newball,Newball,United Kingdom,53.26889805,-0.378871459,Q56611702,Wikidata
Q56641215,Parque Zoobotânico do Museu Paraense Emílio Goeldi,Belém,Belém,Brazil,-1.45371,-48.47651,Q56641215,Wikidata
Q47068187,Wild- und Erlebnispark Ferleiten,Fusch an der Großglocknerstraße,Fusch an der Großglocknerstraße,Austria,47.168833,12.813972,Q47068187,Wikidata
Q49577277,Washington Park,Washington Park,Milwaukee,United States,43.053055555,-87.967777777,Q49577277,Wikidata
Q30114492,Nagoya Zoo,Tsuruma Park,Tsurumai-chō,Japan,35.15366667,136.91722222,Q30114492,Wikidata
Q31891070,Зоопарк ХІІ Місяців,,,Ukraine,50.737276778,30.297695279,Q31891070,Wikidata
Q27919299,Crocoparc Agadir,Drarga,,Morocco,30.388333333,-9.483611111,Q27919299,Wikidata
Q52809540,Zootah at Willow Park,Logan,Logan,United States,41.719444444,-111.847222222,Q52809540,Wikidata
Q54439682,Galloway Wildlife Conservation Park,Kirkcudbright,Dumfries and Galloway,United Kingdom,54.84129,-4.03521,Q54439682,Wikidata
Q42878518,Zoo Plasy,Plasy,Plasy,Czech Republic,49.9325497,13.3899467,Q42878518,Wikidata
Q55956438,Tierpark Petermoor,Bassum,Bassum,Germany,52.855052513,8.738342995,Q55956438,Wikidata
Q55603199,Addis Ababa Zoo,Addis Ababa,Addis Ababa,Ethiopia,9.04277778,38.76194444,Q55603199,Wikidata
Q49542076,Philadelphia Zoological Garden,Philadelphia County,Philadelphia County,United States,39.97178,-75.19629,Q49542076,Wikidata
Q48749937,Utsunomiya Zoo,Utsunomiya,Utsunomiya,Japan,36.633050134,139.85461613,Q48749937,Wikidata
Q55434355,Parco Faunistico di Spormaggiore,Spormaggiore,Spormaggiore,Italy,46.212366666,11.047658333,Q55434355,Wikidata
Q56525859,Camperdown Wildlife Centre,Dundee,Dundee,United Kingdom,56.481191,-3.043726,Q56525859,Wikidata
Q51146219,Kleinzoo Wasserstern,Ingolstadt,Ingolstadt,Germany,48.765278,11.4025,Q51146219,Wikidata
Q28311035,Arenal Eco Zoo,Alajuela Province,Alajuela Province,Costa Rica,10.428971153,-84.751796679,Q28311035,Wikidata
Q50981712,Ringelland,Záboří nad Labem,Záboří nad Labem,Czech Republic,49.998035654,15.379114598,Q50981712,Wikidata
Q31213597,Жлобинский зоопарк,Zhlobin,Zhlobin,Belarus,52.90301,30.05983,Q31213597,Wikidata
Q56642258,Zoo Pomerode,Pomerode,Pomerode,Brazil,,,Q56642258,Wikidata
Q42530840,Peshawar Zoo,Peshawar,Peshawar,Pakistan,34.01730556,71.48972222,Q42530840,Wikidata
Q42376968,ZooAmerica,Hershey,Hershey,United States,40.28648,-76.65052,Q42376968,Wikidata
Q28498767,Bergtierpark Blindham,Aying,Aying,Germany,47.92978,11.81253,Q28498767,Wikidata
Q38882839,Petah Tikva Zoo,Petah Tikva,Petah Tikva,Israel,32.087666666,34.873861111,Q38882839,Wikidata
Q56614344,Amazona Zoo,Cromer,Cromer,United Kingdom,52.922204544,1.297505032,Q56614344,Wikidata
Q49583690,York's Wild Kingdom,York County,York County,United States,43.183611111,-70.611111111,Q49583690,Wikidata
Q28219616,Johor Zoo,Johor Bahru,Johor Bahru,Malaysia,1.4575,103.75225,Q28219616,Wikidata
Q48725172,Tata Steel Zoological Park,Jamshedpur,Jamshedpur,India,22.81461,86.195925,Q48725172,Wikidata
Q4465264,Tula Exotarium,Tula,Tula,Russia,54.2087,37.6196,Q4465264,Wikidata
Q3576032,Zoo du Mont Faron,Toulon,Toulon,France,43.153,5.94049,Q3576032,Wikidata
Q4708633,Alaska Wildlife Conservation Center,Portage,Anchorage,United States,60.8215,-148.9844,Q4708633,Wikidata
Q4054257,Abakan Zoo,Abakan,Abakan,Russia,,,Q4054257,Wikidata
Q4119881,Benghazi Zoo,,,Libya,32.0825,20.0956,Q4119881,Wikidata
Q4521741,Швейцария (зоопарк),Prioksky City District,Prioksky City District,Russia,56.2843731,43.9791879,Q4521741,Wikidata
Q4320477,Nikolaev Zoo,Mykolaiv,Mykolaiv,Ukraine,46.961111111,32.036111111,Q4320477,Wikidata
Q4444937,"ReptielenZOO ""SERPO""",,,Netherlands,52.00528,4.35833,Q4444937,Wikidata
Q4125113,Bird Park,,,Russia,55.15805556,36.77888889,Q4125113,Wikidata
Q4254924,Latgale Zoo,Daugavpils,Daugavpils,Latvia,55.873859,26.509769,Q4254924,Wikidata
Q3576028,Thrigby Hall Wildlife Gardens,Thrigby,Mautby,United Kingdom,52.65284,1.63824,Q3576028,Wikidata
Q3662506,Castle of Brescia,Brescia,Brescia,Italy,45.542911,10.225217,Q3662506,Wikidata
Q3576027,Songkhla Zoo,Khao Rup Chang,Khao Rup Chang,Thailand,7.14292,100.604329,Q3576027,Wikidata
Q4062771,Almaty Zoo,Almaty,Almaty,Soviet Union,43.263416,76.97405,Q4062771,Wikidata
Q4689846,African Lion Safari,New South Wales,New South Wales,Australia,-33.8994868,150.6026459,Q4689846,Wikidata
Q4259805,Southern Nevada Zoological-Botanical Park,Nevada,Nevada,United States,36.1922,-115.19,Q4259805,Wikidata
Q3576063,Zoorasia,Yokohama Dōbutsu no Mori Park,Asahi-ku,Japan,35.495319,139.52375,Q3576063,Wikidata
Q3576036,Zoodyssée,Villiers-en-Bois,Villiers-en-Bois,France,46.14361111,-0.39444444,Q3576036,Wikidata
Q4081722,Belgorod Zoo,,,Russia,50.553,36.641333333,Q4081722,Wikidata
Q4689847,African Lion Safari,Cambridge,Cambridge,Canada,43.341,-80.18,Q4689847,Wikidata
Q4496313,Kharkiv Zoo,Kharkiv,Kharkiv,Ukraine,50.002777777,36.225,Q4496313,Wikidata
Q4389973,Ranua Wildlife Park,Ranua,Ranua,Finland,65.94222222,26.46833333,Q4389973,Wikidata
Q4262489,Lipetsk Zoo,,,Russia,52.604799,39.607715,Q4262489,Wikidata
Q4325472,Novosibirsk Zoo,Novosibirsk,Novosibirsk,Russia,55.0566,82.8879,Q4325472,Wikidata
Q4167605,Tashkent Zoo,,,Uzbekistan,41.34027778,69.31083333,Q4167605,Wikidata
Q4198185,Izhevsk Zoo,Oktyabr'skiy Rayon,Oktyabr'skiy Rayon,Russia,56.86583,53.17291,Q4198185,Wikidata
Q4351543,Perm Zoo,Perm,Perm,Russia,57.961666666,56.188611111,Q4351543,Wikidata
Q4164364,Dokuchaievsk Zoo,Dokuchaievsk,Dokuchaievsk,Ukraine,47.766666666,37.683333333,Q4164364,Wikidata
Q4705889,Alameda Wildlife Conservation Park,Gibraltar,Gibraltar,United Kingdom,36.130576,-5.350263,Q4705889,Wikidata
Q3845012,Al Ain Zoo,,,United Arab Emirates,24.176081,55.738492,Q3845012,Wikidata
Q4701708,Akron Zoo,Ohio,Ohio,United States,41.08,-81.5414,Q4701708,Wikidata
Q4125416,Voronezh Zoo,Voronezh,Voronezh,Russia,51.63944444,39.24361111,Q4125416,Wikidata
Q4409415,Sakhalin Zoological and Botanical Park,,,Russia,46.968487,142.754654,Q4409415,Wikidata
Q4667778,Abilene Zoological Gardens,Texas,Texas,United States,32.4362,-99.6919,Q4667778,Wikidata
Q4574102,Łódź Zoo,Zdrowie-Mania,Zdrowie-Mania,Poland,51.761094444,19.412197222,Q4574102,Wikidata
Q4174319,Yekaterinburg Zoo,Yekaterinburg,Yekaterinburg,Russia,56.8334,60.6215,Q4174319,Wikidata
Q4064591,Амурский зоопарк,,,Russia,,,Q4064591,Wikidata
Q4092024,Большереченский зоопарк,,,Russia,,,Q4092024,Wikidata
Q4708604,Alaska SeaLife Center,Alaska,Alaska,United States,60.1,-149.441,Q4708604,Wikidata
Q4159458,Детский Эколого-биологический Центр,Omsk,Omsk,Russia,54.9672,73.392277,Q4159458,Wikidata
Q3895598,Le Cornelle,Valbrembo,Valbrembo,Italy,45.715915,9.598307,Q3895598,Wikidata
Q4516672,Chita Zoo,,,Russia,52.04194,113.50278,Q4516672,Wikidata
Q4122999,Волгодонский зоопарк,,,Russia,,,Q4122999,Wikidata
Q3576044,Guadalajara Zoo,Guadalajara,Guadalajara,Mexico,20.7283813,-103.3083326,Q3576044,Wikidata
Q3918688,Grodno Zoo,Hrodna,Hrodna,Belarus,53.68871,23.84873,Q3918688,Wikidata
Q3576051,Zoomarine,Pomezia,Pomezia,Italy,41.633611111,12.456666666,Q3576051,Wikidata
Q4705881,Alameda Park Zoo,New Mexico,New Mexico,United States,32.9015,-105.961,Q4705881,Wikidata
Q4251753,Batu Secret Zoo,,,Indonesia,-7.884,112.525,Q4251753,Wikidata
Q4689541,Africa Alive!,Kessingland,Kessingland,United Kingdom,52.4188,1.70528,Q4689541,Wikidata
Q4348485,Penza Zoo,,,Russia,53.17589,45.00026,Q4348485,Wikidata
Q3695337,Lahore Zoo,,,Pakistan,31.556111111,74.325833333,Q3695337,Wikidata
Q4203279,Irkutsk Zoo,,,Russia,52.27583,104.30222,Q4203279,Wikidata
Q4036104,Chiang Mai Night Safari,Chiang Mai,Chiang Mai,Thailand,18.74222222,98.91722222,Q4036104,Wikidata
Q4078402,Barnaul Zoo,,,Russia,53.3575,83.6835,Q4078402,Wikidata
Q4537274,Yakutsk Zoo,Sakha,Sakha,Russia,61.67944,129.35194,Q4537274,Wikidata
Q4299212,Mogilyov Zoo,,,Belarus,53.86333333,30.26777778,Q4299212,Wikidata
Q3895597,Faunistic Park Cappeller,Cartigliano,Cartigliano,Italy,45.720380555,11.699169444,Q3895597,Wikidata
Q3895398,Parco Gallorose,Cecina,Cecina,Italy,43.290505,10.531615,Q3895398,Wikidata
Q4111612,Podilskyi Zoo,Vinnytsia,Vinnytsia,Ukraine,49.271388888,28.476666666,Q4111612,Wikidata
Q4508704,Zoopark Chelyabinsk,,,Russia,55.16777778,61.36972222,Q4508704,Wikidata
Q4025978,"Ardastra Gardens, Zoo and Conservation Centre",Nassau,Nassau,The Bahamas,25.0759,-77.3617,Q4025978,Wikidata
Q3959995,Siberian Tiger Park,,,People's Republic of China,45.81333,126.59639,Q3959995,Wikidata
Q4689906,African Safari Wildlife Park,Ohio,Ohio,United States,41.5181,-82.8516,Q4689906,Wikidata
Q4441589,Van Blanckendaell Park,Tuitjenhorn,Tuitjenhorn,Netherlands,52.737330555,4.743930555,Q4441589,Wikidata
Q4703495,Mohamed bin Zayed Nature Reserve,,,Bahrain,26.01555556,50.49555556,Q4703495,Wikidata
Q4320820,BestZoo,Best,Best,Netherlands,51.5292,5.4005,Q4320820,Wikidata
Q3678441,Città della Domenica,Perugia,Perugia,Italy,43.113152777,12.343252777,Q3678441,Wikidata
Q4705255,Alabama Gulf Coast Zoo,Alabama,Alabama,United States,30.2617,-87.6885,Q4705255,Wikidata
Q4236423,Cohunu Koala Park,Western Australia,Western Australia,Australia,-32.230305,116.0141507,Q4236423,Wikidata
Q4222665,Chișinău Zoo,Chișinău,Chișinău,Moldova,46.974284,28.867077,Q4222665,Wikidata
Q4465244,Тульский зооуголок (мини-зоопарк),,,Russia,,,Q4465244,Wikidata
Q4467974,Tianjin Zoo,Shuishanggongyuan Subdistrict,Shuishanggongyuan Subdistrict,People's Republic of China,39.0813,117.16,Q4467974,Wikidata
Q4273332,Australian Reptile Park,New South Wales,New South Wales,Australia,-33.4182,151.277,Q4273332,Wikidata
Q4345284,Jersey Zoo,Trinity,Trinity,Jersey,49.229166666,-2.073611111,Q4345284,Wikidata
Q3576057,Zooparc de Trégomeur,Trégomeur,Trégomeur,France,48.584444444,-2.882222222,Q3576057,Wikidata
Q3763933,Zoo di Pistoia,Pistoia,Pistoia,Italy,43.929621468,10.865653415,Q3763933,Wikidata
Q4196667,Ивановский зоопарк,,,Russia,57.005,40.949,Q4196667,Wikidata
Q4384936,Zoo Gdańsk,Gdańsk,Gdańsk,Poland,54.4134,18.5339,Q4384936,Wikidata
Q4685879,Timișoara Zoological Garden,,,Romania,45.781771,21.267815,Q4685879,Wikidata
Q3576030,zoo de Spišská Nová Ves,Spišská Nová Ves,Spišská Nová Ves,Slovakia,48.9317,20.5753,Q3576030,Wikidata
Q4193914,Staten Island Zoo,Staten Island,Staten Island,United States,40.6251,-74.1157,Q4193914,Wikidata
Q4406408,Zoo Samara,Samara,Samara,Russia,53.22141944,50.16444444,Q4406408,Wikidata
Q3895600,parc animalier deu Mont Amiata,Arcidosso,Arcidosso,Italy,42.82805556,11.53416667,Q3895600,Wikidata
Q4453139,Tbilisi Zoo,Tbilisi,Tbilisi,Georgia,41.713,44.777,Q4453139,Wikidata
Q3576031,Zoo de la Bourbansais,Pleugueneuc,Pleugueneuc,France,48.407818,-1.898571,Q3576031,Wikidata
Q4363922,Pittsburgh Zoo & Aquarium,Highland Park,Pittsburgh,United States,40.484,-79.918,Q4363922,Wikidata
Q4271849,Hobart Zoo,Queens Domain,Hobart,Australia,-42.870555555,147.3325,Q4271849,Wikidata
Q3735534,Ähtäri Zoo,Inha,Ähtäri,Finland,62.53888889,24.17611111,Q3735534,Wikidata
Q3740546,Elistvere Animal Park,Tartu Rural Municipality,Tartu Rural Municipality,Estonia,,,Q3740546,Wikidata
Q4250220,Surabaya Zoo,Surabaya,Surabaya,Indonesia,-7.29583333,112.73611111,Q4250220,Wikidata
Q4244661,Kudykina Gora,,,Russia,52.367494,38.766142,Q4244661,Wikidata
Q4412623,Seversk Zoo,Seversk,Seversk,Russia,56.604209,84.867199,Q4412623,Wikidata
Q4537469,Yalta Zoo,Yalta,Yalta,Ukraine,44.494444444,34.118333333,Q4537469,Wikidata
Q4398499,Rostov Zoo,Rostov-on-Don,Rostov-on-Don,Russia,47.2526,39.671,Q4398499,Wikidata
Q4315033,Ashgabat Zoo,Gökdepe District,Gökdepe District,Turkmenistan,38.038611111,58.048888888,Q4315033,Wikidata
Q4876689,Connecticut's Beardsley Zoo,Connecticut,Connecticut,United States,41.2125,-73.182222,Q4876689,Wikidata
Q4744178,American International Rattlesnake Museum,,,United States,,,Q4744178,Wikidata
Q5067687,Chahinkapa Zoo,Wahpeton,Wahpeton,United States,46.2747,-96.598,Q5067687,Wikidata
Q4996751,Bullen's Animal World,Wallacia,City of Penrith,Australia,-33.8658,150.6412,Q4996751,Wikidata
Q4802284,Melaka Zoo and Bird Park,Ayer Keroh,Melaka Tengah District,Malaysia,2.27777778,102.30166667,Q4802284,Wikidata
Q4925131,Blank Park Zoo,Iowa,Iowa,United States,41.5193,-93.6242,Q4925131,Wikidata
Q4983312,Bucklebury Farm Park,Bucklebury,Bucklebury,United Kingdom,51.4304,-1.20284,Q4983312,Wikidata
Q5017723,Cairns Tropical Zoo,Queensland,Queensland,Australia,-16.7581,145.663,Q5017723,Wikidata
Q4869485,Baton Rouge Zoo,Louisiana,Louisiana,United States,30.5622,-91.16,Q4869485,Wikidata
Q4862002,Barnum's Aquarial Gardens,Massachusetts,Massachusetts,United States,42.7109,-73.0198,Q4862002,Wikidata
Q4892248,Berkshire College of Agriculture,Burchetts Green,Maidenhead,United Kingdom,51.53,-0.8,Q4892248,Wikidata
Q5071705,Changa Manga,Chunian Tehsil,Chunian Tehsil,Pakistan,31.08333333,73.96666667,Q5071705,Wikidata
Q5032347,Cango Wildlife Ranch,,,South Africa,-33.56611111,22.21361111,Q5032347,Wikidata
Q5051072,Cat Tales Wildlife Center,Washington,Washington,United States,47.8079,-117.349,Q5051072,Wikidata
Q4850846,Taman Safari Bali (Bali Safari),Gianyar,Gianyar,Indonesia,-8.581,115.3441,Q4850846,Wikidata
Q4919420,Bizik family Zoo,,,Croatia,45.494095,18.12885493,Q4919420,Wikidata
Q4876130,Beale Park,West Berkshire,West Berkshire,United Kingdom,51.5,-1.10833,Q4876130,Wikidata
Q5130943,Clearwater Marine Aquarium,,,United States,27.97686,-82.81907,Q5130943,Wikidata
Q4763399,Anglesey Sea Zoo,Brynsiencyn,Brynsiencyn,United Kingdom,53.1642,-4.27883,Q4763399,Wikidata
Q5048206,Cascades Raptor Center,Oregon,Oregon,United States,43.9874,-123.08,Q5048206,Wikidata
Q4922630,Peak Wildlife Park,Leek,Leek,United Kingdom,53.0611,-1.92361,Q4922630,Wikidata
Q5136996,Clyde Peeling's Reptiland,Pennsylvania,Pennsylvania,United States,41.1059,-76.8967,Q5136996,Wikidata
Q4820263,Audubon Zoo,Audubon Park,New Orleans,United States,29.9231,-90.1322,Q4820263,Wikidata
Q4924079,Blair Drummond Safari and Adventure Park,Stirling,Stirling,United Kingdom,56.165,-4.038,Q4924079,Wikidata
Q4921462,Black Pine Animal Sanctuary,Albion,Albion,United States,,,Q4921462,Wikidata
Q4916008,Birdland Park and Gardens,Bourton-on-the-Water,Bourton-on-the-Water,United Kingdom,51.8803,-1.75417,Q4916008,Wikidata
Q5098018,Children's Aquarium at Fair Park,Texas,Texas,United States,32.777,-96.76,Q5098018,Wikidata
Q4809463,Sea Life İstanbul,Bayrampaşa,Bayrampaşa,Turkey,41.0456,28.8963,Q4809463,Wikidata
Q5044904,Carolina Tiger Rescue,,,United States,35.71095,-79.11419,Q5044904,Wikidata
Q5002947,Butterfly Pavilion,Colorado,Colorado,United States,39.8872,-105.066,Q5002947,Wikidata
Q5087827,Chhatbir Zoo,,,India,30.6036,76.7928,Q5087827,Wikidata
Q4828854,Avilon Zoo,Rodríguez,Rodríguez,Philippines,14.744722,121.151667,Q4828854,Wikidata
Q5019807,Cali Zoo,Cali,Cali,Colombia,3.44861111,-76.55861111,Q5019807,Wikidata
Q4959034,Brazzaville Zoo,Brazzaville,Brazzaville,Republic of the Congo,-4.27197,15.26129,Q4959034,Wikidata
Q5148807,Colorado Gators Reptile Park,Colorado,Colorado,United States,37.7059,-105.871,Q5148807,Wikidata
Q5019173,Caldwell Zoo,Texas,Texas,United States,32.3704,-95.3268,Q5019173,Wikidata
Q5099450,Chimps Inc.,,,United States,,,Q5099450,Wikidata
Q4923810,Sriracha Tiger Zoo,Nong Kham,Nong Kham,Thailand,13.149167,101.0125,Q4923810,Wikidata
Q4854746,Bandung Zoo,Bandung,Bandung,Indonesia,-6.890277777,107.606944444,Q4854746,Wikidata
Q5061097,Central Florida Zoo and Botanical Gardens,Florida,Florida,United States,28.8278,-81.3162,Q5061097,Wikidata
Q5020672,California Living Museum,California,California,United States,35.432,-118.886,Q5020672,Wikidata
Q4808913,Assiniboine Park Zoo,Assiniboine Park,Winnipeg,Canada,49.8692,-97.2306,Q4808913,Wikidata
Q4883720,Belle Vue Zoological Gardens,Belle Vue,Manchester,United Kingdom,53.4636,-2.1875,Q4883720,Wikidata
Q5141722,Coker Arboretum,North Carolina,North Carolina,United States,35.9137,-79.049,Q5141722,Wikidata
Q4812638,Atagawa Tropical & Alligator Garden,Atagawa Onsen,Higashiizu,Japan,34.816602,139.067895,Q4812638,Wikidata
Q4969774,British Columbia Wildlife Park,British Columbia,British Columbia,Canada,50.654,-120.08,Q4969774,Wikidata
Q5098753,Chilean National Zoo,Providencia,Providencia,Chile,-33.42972222,-70.63416667,Q5098753,Wikidata
Q4951355,Bowmanville Zoo,Ontario,Ontario,Canada,43.9128,-78.6685,Q4951355,Wikidata
Q4820238,Audubon Insectarium,Louisiana,Louisiana,United States,29.95,-90.064,Q4820238,Wikidata
Q4916760,Birmingham Wildlife Conservation Park,Birmingham,Birmingham,United Kingdom,52.4505,-1.91043,Q4916760,Wikidata
Q5155139,Como Park Zoo and Conservatory,Como Regional Park,Saint Paul,United States,44.9814,-93.1508,Q5155139,Wikidata
Q4957298,Brandywine Zoo,Delaware,Delaware,United States,39.7555,-75.5487,Q4957298,Wikidata
Q5026335,Cameron Park Zoo,Texas,Texas,United States,31.57,-97.1447,Q5026335,Wikidata
Q4826122,Auto Safari Chapin,,,Guatemala,14.1013,-90.6265,Q4826122,Wikidata
Q4947730,Boston Aquarial and Zoological Gardens,Massachusetts,Massachusetts,United States,42.7109,-73.0198,Q4947730,Wikidata
Q5150169,Columbus Zoo and Aquarium,Ohio,Ohio,United States,40.1563,-83.1184,Q5150169,Wikidata
Q4946120,Bornholm Butterfly Park,Bornholm regional municipality,Bornholm regional municipality,Denmark,55.0637,15.119,Q4946120,Wikidata
Q5002963,"Butterfly World, Isle of Wight",Isle of Wight,Isle of Wight,United Kingdom,50.7113,-1.25447,Q5002963,Wikidata
Q4791733,Arkansas Alligator Farm and Petting Zoo,Arkansas,Arkansas,United States,34.515,-93.0733,Q4791733,Wikidata
Q4916093,Birds of Eden,Garden Route District Municipality,Garden Route District Municipality,South Africa,-33.963,23.4835,Q4916093,Wikidata
Q4927320,Bloedel Conservatory,Vancouver,Vancouver,Canada,49.2421,-123.114,Q4927320,Wikidata
Q5098245,Children's Zoo at Celebration Square,Michigan,Michigan,United States,43.411944444,-83.951944444,Q5098245,Wikidata
Q4962534,Brevard Zoo,Florida,Florida,United States,28.2251,-80.714,Q4962534,Wikidata
Q4883644,Belle Isle Aquarium,Michigan,Michigan,United States,42.3366,-82.9854,Q4883644,Wikidata
Q4956116,Bramble Park Zoo,Watertown,South Dakota,United States,44.9086,-97.1266,Q4956116,Wikidata
Q4851117,Balkasar Bear Sanctuary,,,Pakistan,32.939584,72.68128,Q4851117,Wikidata
Q4941423,Bondla Wildlife Sanctuary,Goa,Goa,India,15.4268,74.1136,Q4941423,Wikidata
Q4746784,Amirthi Zoological Park,,,India,12.732363,79.056673,Q4746784,Wikidata
Q5059609,Center for Elephant Conservation,Florida,Florida,United States,28.2346,-81.7642,Q5059609,Wikidata
Q5081455,Charles Paddock Zoo,San Luis Obispo County,San Luis Obispo County,United States,35.466666666,-120.670277777,Q5081455,Wikidata
Q5034928,Cape May County Park & Zoo,New Jersey,New Jersey,United States,39.1025,-74.8154,Q5034928,Wikidata
Q4914260,Binghamton Zoo at Ross Park,Binghamton,New York,United States,42.0626,-75.911,Q4914260,Wikidata
Q5053833,Catoctin Wildlife Preserve and Zoo,Maryland,Maryland,United States,39.591542,-77.431239,Q5053833,Wikidata
Q5003118,Buttonwood Park Zoo,Massachusetts,Massachusetts,United States,41.63,-70.9527,Q5003118,Wikidata
Q4823341,Austin Zoo,Texas,Texas,United States,30.2569,-97.9358,Q4823341,Wikidata
Q5149943,Columbian Park Zoo,Indiana,Indiana,United States,40.4141,-86.8709,Q5149943,Wikidata
Q4913983,Binder Park Zoo,Calhoun County,Calhoun County,United States,42.2465,-85.155,Q4913983,Wikidata
Q5142118,Colchester Zoo,Colchester,Colchester,United Kingdom,51.8625,0.832778,Q5142118,Wikidata
Q4842512,Bahawalpur Zoo,Bahawalpur,Bahawalpur,Pakistan,29.4025,71.681666666,Q4842512,Wikidata
Q4930247,Bluebird Gap Farm,Virginia,Virginia,United States,37.0337,-76.3877,Q4930247,Wikidata
Q5036306,Capron Park Zoo,Massachusetts,Massachusetts,United States,41.9377,-71.2976,Q5036306,Wikidata
Q4915879,Bird Kingdom,Regional Municipality of Niagara,Regional Municipality of Niagara,Canada,43.0925,-79.068333,Q4915879,Wikidata
Q4851486,Ballarat Wildlife Park,Victoria,Victoria,Australia,-37.5698,143.893,Q4851486,Wikidata
Q5147412,Collins Zoo,Mississippi,Mississippi,United States,31.616,-89.5379,Q5147412,Wikidata
Q5015841,Cabrillo Marine Aquarium,California,California,United States,33.711111111,-118.285277777,Q5015841,Wikidata
Q4946742,Borth Wild Animal Kingdom,Borth,Borth,United Kingdom,52.4856,-4.044,Q4946742,Wikidata
Q4792522,Armadale Reptile Centre,Western Australia,Western Australia,Australia,-32.1766,116.015,Q4792522,Wikidata
Q4855654,Banham Zoo,Banham,Norfolk,United Kingdom,52.4447,1.025,Q4855654,Wikidata
Q4892604,"Bermuda Aquarium, Museum and Zoo",,,Bermuda,32.323396,-64.737132,Q4892604,Wikidata
Q4911530,Billabong Koala and Wildlife Park,Sancrox,Port Macquarie-Hastings Council,Australia,-31.459,152.82,Q4911530,Wikidata
Q5087901,Chattanooga Zoo at Warner Park,Tennessee,Tennessee,United States,35.0431,-85.2829,Q5087901,Wikidata
Q5094594,Cheyenne Mountain Zoo,Colorado,Colorado,United States,38.7712,-104.852765,Q5094594,Wikidata
Q5099439,Chimp Haven,Shreveport,Shreveport,United States,32.25465556,-93.93666667,Q5099439,Wikidata
Q5056599,Cedar Cove Feline Conservatory & Sanctuary,Kansas,Kansas,United States,38.6191,-94.6285,Q5056599,Wikidata
Q4911532,Billabong Sanctuary,Queensland,Queensland,Australia,-19.3747,146.906,Q4911532,Wikidata
Q66371106,Munkholm Zoo,Syddjurs Municipality,Syddjurs Municipality,Denmark,56.3213712,10.7830093,Q66371106,Wikidata
Q79412447,Kano Zoo,Kano State,Kano State,Nigeria,11.9657,8.5288,Q79412447,Wikidata
Q59551749,Munda Wanga Environmental Park,,,Zambia,-15.561287,28.271842,Q59551749,Wikidata
Q63993007,Lobo Park,Antequera,Antequera,Spain,36.986922631,-4.623658856,Q63993007,Wikidata
Q59255587,Changsha Ecological Zoo,,,People's Republic of China,28.039034,113.010648,Q59255587,Wikidata
Q65051199,无锡动物园,,,,31.5856,120.2317,Q65051199,Wikidata
Q56856819,Golders Hill Park Zoo,London Borough of Barnet,London Borough of Barnet,United Kingdom,51.566852269,-0.18893844,Q56856819,Wikidata
Q60458632,wildlife park Feldkirch,Feldkirch,Feldkirch,Austria,47.246389,9.599444,Q60458632,Wikidata
Q70873410,Tierpark Freiberg,Freiberg,Freiberg,Germany,50.913611,13.330833,Q70873410,Wikidata
Q56856701,Five Sisters Zoo,West Lothian,West Lothian,United Kingdom,55.86303091,-3.562285026,Q56856701,Wikidata
Q64495362,Guinate Tropical Park,Lanzarote,Lanzarote,Spain,29.183555555,-13.4995,Q64495362,Wikidata
Q63118089,Tierpark Altenfelden,Altenfelden,Altenfelden,Austria,48.469159,13.959585,Q63118089,Wikidata
Q58423155,Q58423155,Bnei Brak,Bnei Brak,Israel,32.082944444,34.844638888,Q58423155,Wikidata
Q64433469,Accra Zoo,Achimota,Okaikwei North Municipal District,Ghana,,,Q64433469,Wikidata
Q60716876,Waterways Wildlife Park,Gunnedah Shire,Gunnedah Shire,Australia,-30.98184,150.18976,Q60716876,Wikidata
Q79903819,GT Butterfly House & Bug Zoo,Grand Traverse County,Grand Traverse County,United States,,,Q79903819,Wikidata
Q58802287,Tier-Natur-Erlebnispark Mundenhof,Freiburg im Breisgau,Freiburg im Breisgau,Germany,,,Q58802287,Wikidata
Q65320828,Q65320828,Niederanven,Niederanven,Luxembourg,49.639777777,6.252111111,Q65320828,Wikidata
Q65117876,Harbin Zoo,,,People's Republic of China,45.391,127.1,Q65117876,Wikidata
Q59156904,Wildpark Schwarzach,Unterschwarzach,Schwarzach,Germany,49.368888106,8.988338335,Q59156904,Wikidata
Q66765164,Q66765164,Larvik,Larvik,Norway,59.001499,9.97185,Q66765164,Wikidata
Q56759631,Askham Bryan Wildlife and Conservation Park,Askham Bryan,Askham Bryan,United Kingdom,53.920786,-1.15735,Q56759631,Wikidata
Q66092198,Falconry of Kenya,,,Kenya,-3.2059,40.1172,Q66092198,Wikidata
Q61742193,Lion Habitat at MGM Grand Las Vegas,MGM Grand Las Vegas,,United States,,,Q61742193,Wikidata
Q59276954,Tierpark Köthen,Köthen,Köthen,Germany,,,Q59276954,Wikidata
Q64569689,Zoológico Municipal de Guarulhos,Guarulhos,Guarulhos,Brazil,-23.442638888,-46.55325,Q64569689,Wikidata
Q64006771,Valls Zoo,Valls,Valls,Spain,,,Q64006771,Wikidata
Q57541029,Moose of Annerod,,,Sweden,58.069577777,12.205563888,Q57541029,Wikidata
Q64174987,Filmtier-Park,Eschede,Eschede,Germany,52.70124,10.26605,Q64174987,Wikidata
Q62266089,Emirates Park Zoo,,,United Arab Emirates,24.466667,54.366667,Q62266089,Wikidata
Q56695186,Zoológico do Município de São Bernardo do Campo,Parque Natural Estoril,São Bernardo do Campo,Brazil,-23.77302,-46.51439,Q56695186,Wikidata
Q64040742,Avonturia,The Hague,The Hague,Netherlands,52.052626,4.25851107,Q64040742,Wikidata
Q59587500,Shaheed Ashfaq Ullah Khan Prani Udyan,Gorakhpur,Gorakhpur,India,26.7192557,83.4084214,Q59587500,Wikidata
Q56832924,Combe Martin Wildlife and Dinosaur Park,North Devon District Council,North Devon District Council,United Kingdom,51.18867305,-4.003631237,Q56832924,Wikidata
Q56828842,Calderglen Zoo,East Kilbride,South Lanarkshire,United Kingdom,55.748758797,-4.146419153,Q56828842,Wikidata
Q59195595,Bayerwald-Tierpark Lohberg,Lohberg,Lohberg,Germany,49.171356,13.089219,Q59195595,Wikidata
Q70049729,Ranger Red’s Zoo & Conservation Park,Pinjarra,Shire of Murray,Australia,-32.609472222,115.866416666,Q70049729,Wikidata
Q63348749,Zoo Bizar,Orvelte,Midden-Drenthe,Netherlands,52.843475,6.659186,Q63348749,Wikidata
Q66897941,Labenne's zoo,Labenne,Labenne,France,43.58919,-1.45242,Q66897941,Wikidata
Q58212596,Arosa Bärenland,Arosa,Arosa,Switzerland,46.78675,9.66452,Q58212596,Wikidata
Q79902739,Roscommon Zoo,Roscommon,Roscommon,United States,,,Q79902739,Wikidata
Q56857421,Hanwell Zoo,London Borough of Ealing,London Borough of Ealing,United Kingdom,51.512267,-0.347834,Q56857421,Wikidata
Q64334704,Texel ZOO,Texel,Texel,Netherlands,,,Q64334704,Wikidata
Q63927776,Huachipa Zoo Park,Lima,Lima,Peru,-12.015039,-76.898278,Q63927776,Wikidata
Q65171670,Jardim Zoobotânico de Franca,Franca,Franca,Brazil,-20.479444444,-47.403611111,Q65171670,Wikidata
Q61840388,Siegfried & Roy's Secret Garden and Dolphin Habitat,Las Vegas,Las Vegas,United States,36.1205,-115.1773,Q61840388,Wikidata
Q64006794,Zoo de Guadalajara,Guadalajara,Guadalajara,Spain,40.638006722,-3.178044874,Q64006794,Wikidata
Q60854837,Q60854837,Katowice,Katowice,Poland,50.260639,19.030083,Q60854837,Wikidata
Q60751176,Lalazar Safari Park,,,Pakistan,,,Q60751176,Wikidata
Q64334662,Q64334662,Goes,Goes,Netherlands,51.510196,3.89567256,Q64334662,Wikidata
Q56754439,Amazonia,North Lanarkshire,North Lanarkshire,United Kingdom,55.799864,-4.039853,Q56754439,Wikidata
Q65160535,Parque Ecológico de São Carlos,São Carlos,São Carlos,Brazil,-21.9875993,-47.8768807,Q65160535,Wikidata
Q66819365,Tierpark Bad Zurzach,Bad Zurzach,Zurzach,Switzerland,,,Q66819365,Wikidata
Q58693097,Khartoum Zoo,Khartoum,,Sudan,,,Q58693097,Wikidata
Q69535915,"Ostrich Farm, Saifai, Etawah",Saifai,Saifai,India,26.9624333,78.957484,Q69535915,Wikidata
Q75331465,Bali Zoo,Gianyar,Gianyar,Indonesia,-8.592,115.266555555,Q75331465,Wikidata
Q64875484,Rocamadour Monkey Forest,Rocamadour,Rocamadour,France,44.803463928,1.634509588,Q64875484,Wikidata
Q62071864,Granja Ecoturística Yvambopi,,,Paraguay,-25.48894,-56.253707,Q62071864,Wikidata
Q60747169,Oxford Zoo,,,United Kingdom,51.8125,-1.27719,Q60747169,Wikidata
Q60994248,麻豆鱷魚王,Madou District,Madou District,Taiwan,23.193734,120.225513,Q60994248,Wikidata
Q64495279,Monkey Park,Arona,Arona,Spain,28.061027777,-16.692333333,Q64495279,Wikidata
Q65553810,Q65553810,,,Costa Rica,,,Q65553810,Wikidata
Q58322404,Q58322404,Phnom Penh,Phnom Penh,Cambodia,11.70131,104.8719,Q58322404,Wikidata
Q59209310,Fallkulla Domestic Animal Farm,Malmi,Helsinki,Finland,,,Q59209310,Wikidata
Q61368132,Siddharth Garden and Zoo,Aurangabad,Aurangabad,India,19.87926,75.31484,Q61368132,Wikidata
Q57027455,Hobbledown,Epsom and Ewell,Epsom and Ewell,United Kingdom,51.347058,-0.289691,Q57027455,Wikidata
Q60873544,Mini Zoo Palmira Gobbi,Farroupilha Park,Porto Alegre,Brazil,-30.03489,-51.21893,Q60873544,Wikidata
Q60741156,Knaresborough Zoo,Harrogate,Harrogate,United Kingdom,54.011099,-1.474375,Q60741156,Wikidata
Q67678810,Kungsbyn Zoo,,,Sweden,59.594444444,16.804444444,Q67678810,Wikidata
Q60324601,Cairns Zoom and Wildlife Dome,Cairns City,Cairns City,Australia,-16.923055555,145.779166666,Q60324601,Wikidata
Q59209431,The Wild Animal Park,Chittenango,,United States,,,Q59209431,Wikidata
Q57896831,Davao Crocodile Park,Davao City,Davao City,Philippines,,,Q57896831,Wikidata
Q64503995,Gotland animal park,Region Gotland,Region Gotland,Sweden,57.51625,18.215222222,Q64503995,Wikidata
Q65294269,晋陽湖動物園,,,,,,Q65294269,Wikidata
Q60458477,Doppelmayr Zoo,Wolfurt,Wolfurt,Austria,47.45461,9.75753,Q60458477,Wikidata
Q68173779,Everglades Alligator Farm,Homestead,Homestead,United States,25.393226,-80.501207,Q68173779,Wikidata
Q58415175,Wildpark Müden,Faßberg,Faßberg,Germany,52.87016,10.1131,Q58415175,Wikidata
Q56695189,Zoológico Municipal Doutor Flávio Leite Ribeiro,Araçatuba,Araçatuba,Brazil,-21.192525,-50.444277777,Q56695189,Wikidata
Q69171357,"Bioparque de Convivencia en Pachuca, Hidalgo",Hidalgo,Hidalgo,Mexico,20.1168482,-98.7463749,Q69171357,Wikidata
Q63993040,Castellar Zoo,Castellar de la Frontera,Castellar de la Frontera,Spain,36.289305555,-5.409194444,Q63993040,Wikidata
Q62030381,Tierpark Klingenthal,Klingenthal,Klingenthal,Germany,50.361479,12.465271,Q62030381,Wikidata
Q56757815,Battersea Park Children's Zoo,Battersea Park,London Borough of Wandsworth,United Kingdom,51.481695995,-0.156706643,Q56757815,Wikidata
Q59248182,Bergierpark Erlenbach,Fürth,Fürth,Germany,,,Q59248182,Wikidata
Q71028343,Tiergarten Teltow,Teltow,Teltow,Germany,52.39783,13.28671,Q71028343,Wikidata
Q79903225,Indian Creek Zoo,Lambertville,Lambertville,United States,,,Q79903225,Wikidata
Q68803191,Rákosův pavilon,Praha-Troja,Troja,Czech Republic,50.1170889,14.4093844,Q68803191,Wikidata
Q65553816,La Paz Waterfall Gardens,Varablanca,Varablanca,Costa Rica,10.204410388,-84.161637,Q65553816,Wikidata
Q61958854,Bioparque Municipal Vesty Pakos,La Paz Department,La Paz Department,Bolivia,-16.574338888,-68.080588888,Q61958854,Wikidata
Q57408994,Hjortdal Dyrefarm,Jammerbugt Municipality,Jammerbugt Municipality,Denmark,57.140388888,9.366611111,Q57408994,Wikidata
Q56856742,Gauntlet Birds of Prey,Cheshire East,Cheshire East,United Kingdom,53.3205032,-2.394446615,Q56856742,Wikidata
Q65622010,Colorado Wolf and Wildlife Center,Divide,Divide,United States,38.931962,-105.213048,Q65622010,Wikidata
Q77048411,Parco Zoo Punta Verde,Lignano Sabbiadoro,Lignano Sabbiadoro,Italy,45.659008,13.065954,Q77048411,Wikidata
Q66169869,Zoo de Falardeau,Saint-David-de-Falardeau,Saint-David-de-Falardeau,Canada,48.6326,-71.1831,Q66169869,Wikidata
Q56838202,Manor Farm Park and Woodland,Rushcliffe,Rushcliffe,United Kingdom,52.824166,-1.170098,Q56838202,Wikidata
Q79901984,Wilderness Trails Zoo,Birch Run,Birch Run,United States,,,Q79901984,Wikidata
Q5463448,Flying High Bird Sanctuary,Queensland,Queensland,Australia,-25.2186,152.239,Q5463448,Wikidata
Q5395439,Navajo Nation Zoological and Botanical Park,Window Rock,,United States,35.6642,-109.051,Q5395439,Wikidata
Q5194724,CuriOdyssey,San Mateo,San Mateo,United States,37.5866,-122.318,Q5194724,Wikidata
Q5987303,Idaho Aquarium,Idaho,Idaho,United States,43.60541,-116.27333,Q5987303,Wikidata
Q5523486,Garlyn Zoo,Mackinac County,Mackinac County,United States,46.0798,-85.2982,Q5523486,Wikidata
Q5503166,Fresno Chaffee Zoo,California,California,United States,36.7522,-119.822,Q5503166,Wikidata
Q5682090,Hattiesburg Zoo,Mississippi,Mississippi,United States,31.3237,-89.3153,Q5682090,Wikidata
Q5304222,Dr. Juan A. Rivero Zoo,Mayagüez,Mayagüez,United States,18.213888888,-67.131111111,Q5304222,Wikidata
Q5528515,Gay's Lion Farm,,,United States,34.0689,-118.0293,Q5528515,Wikidata
Q5187401,Crocodile Zoo,Falster,Guldborgsund Municipality,Denmark,54.8636,11.9089,Q5187401,Wikidata
Q5728899,Bioparc Fuengirola,Fuengirola,Fuengirola,Spain,36.536828,-4.62779,Q5728899,Wikidata
Q5351804,El Paso Zoo,Texas,Texas,United States,31.7684,-106.443,Q5351804,Wikidata
Q5333314,Ecomuseum Zoo,Sainte-Anne-de-Bellevue,Sainte-Anne-de-Bellevue,Canada,45.425555555,-73.934722222,Q5333314,Wikidata
Q5644526,Hamerton Zoo Park,Hamerton,Hamerton,United Kingdom,52.409,-0.328,Q5644526,Wikidata
Q5302436,Jigokudani Monkey Park,Jigokudani Onsen,Yamanouchi,Japan,36.732797222,138.4627,Q5302436,Wikidata
Q5464852,Folsom City Zoo Sanctuary,California,California,United States,38.682,-121.165,Q5464852,Wikidata
Q5310637,Dubai Zoo,Dubai,Dubai,United Arab Emirates,25.222375,55.256582,Q5310637,Wikidata
Q5598940,Great Cats World Park,,,United States,42.141164,-123.658976,Q5598940,Wikidata
Q5473503,Fossil Rim Wildlife Center,Glen Rose,Glen Rose,United States,32.1806,-97.7964,Q5473503,Wikidata
Q5599788,Great Plains Zoo,South Dakota,South Dakota,United States,43.5374,-96.7648,Q5599788,Wikidata
Q5937644,Zoológico de Concepción,Concepción,Concepción,Chile,-36.840044105,-73.00706798,Q5937644,Wikidata
Q5528980,Gaza Zoo,Gaza Strip,Gaza Strip,Palestine,31.480308532,34.445372029,Q5528980,Wikidata
Q5604742,Greenville Wildlife Park,,,United States,42.7407,-71.7997,Q5604742,Wikidata
Q5210063,Dakota Zoo,North Dakota,North Dakota,United States,46.7995,-100.807,Q5210063,Wikidata
Q5950715,Hutchinson Zoo,Kansas,Kansas,United States,38.0291,-97.9167,Q5950715,Wikidata
Q5250300,Deep Sea World,Fife,Fife,United Kingdom,56.0082,-3.3909,Q5250300,Wikidata
Q5312027,Dudley Zoo,Dudley,Dudley,United Kingdom,52.513938888,-2.077133333,Q5312027,Wikidata
Q5802023,Deltarium,Deltebre,Deltebre,Spain,40.70916667,0.81777778,Q5802023,Wikidata
Q6025038,Indira Gandhi Zoological Park,,,India,17.7691,83.35,Q6025038,Wikidata
Q5274981,Dierenpark Tilburg,,,Netherlands,51.5604,5.0381,Q5274981,Wikidata
Q5551958,Living Desert Zoo and Gardens,Palm Desert,Riverside County,United States,33.695833333,-116.370277777,Q5551958,Wikidata
Q5507695,Fukuoka Municipal Zoo and Botanical Garden,Minami Park,Terukuni,Japan,33.572252777,130.390230555,Q5507695,Wikidata
Q5578056,Gokatsura Pond Furusato Village,,,Japan,34.46666667,136.55455556,Q5578056,Wikidata
Q5289620,Dolphin Encounters,,,The Bahamas,25.099,-77.2674,Q5289620,Wikidata
Q5225654,Dartmoor Zoological Park,Dartmoor,Dartmoor,United Kingdom,50.407,-3.997,Q5225654,Wikidata
Q5187417,Crocolandia Foundation,Talisay,Talisay,Philippines,10.246722222,123.833833333,Q5187417,Wikidata
Q5469254,Forestry Farm Park and Zoo,Saskatoon,Saskatoon,Canada,52.156952777,-106.584233333,Q5469254,Wikidata
Q5309411,Drusillas Zoo Park,East Sussex,East Sussex,United Kingdom,50.8239,0.163,Q5309411,Wikidata
Q5388359,Erie Zoo,Erie,Erie,United States,42.0968,-80.0755,Q5388359,Wikidata
Q5439615,Featherdale Sydney Wildlife Park,New South Wales,New South Wales,Australia,-33.766111111,150.884166666,Q5439615,Wikidata
Q5856756,Faunia,Madrid,Madrid,Spain,40.3919,-3.61249,Q5856756,Wikidata
Q5755305,High Delta Safari Park,Louisiana,Louisiana,United States,32.564,-91.515,Q5755305,Wikidata
Q5316871,Dushanbe Zoo,Dushanbe,Dushanbe,Tajikistan,38.585,68.77194444,Q5316871,Wikidata
Q5359345,Elephant Nature Park,,,Thailand,19.2141,98.8584,Q5359345,Wikidata
Q5881872,HollyWild Animal Park,South Carolina,South Carolina,United States,35.0244,-82.1432,Q5881872,Wikidata
Q5211451,Dallas Zoo,Texas,Texas,United States,32.74,-96.815,Q5211451,Wikidata
Q5927023,La Plata Zoo and Botanical Garden,La Plata,La Plata,Argentina,-34.90968333,-57.93852778,Q5927023,Wikidata
Q5420451,Exmoor Zoo,Barnstaple,Barnstaple,United Kingdom,51.148,-3.924,Q5420451,Wikidata
Q5421418,Exploris,Portaferry,Portaferry,United Kingdom,54.382,-5.549,Q5421418,Wikidata
Q5566451,Gladys Porter Zoo,Texas,Texas,United States,25.9123,-97.4962,Q5566451,Wikidata
Q5674016,International Reptile Rescue,Oregon,Oregon,United States,45.2148,-122.634,Q5674016,Wikidata
Q5194933,Curraghs Wildlife Park,,,Isle of Man,54.3181,-4.5135,Q5194933,Wikidata
Q5493235,Johannesburg Zoo,Johannesburg,Johannesburg,South Africa,-26.166375,28.038186,Q5493235,Wikidata
Q5211449,Dallas World Aquarium,Texas,Texas,United States,32.78354,-96.80552,Q5211449,Wikidata
Q5896736,Honolulu Zoo,Honolulu,Honolulu,United States,21.2709,-157.819,Q5896736,Wikidata
Q5485534,Frank Buck Zoo,Texas,Texas,United States,33.6217,-97.1542,Q5485534,Wikidata
Q5600807,Greater Vancouver Zoo,Langley,Langley,Canada,49.0923,-122.487,Q5600807,Wikidata
Q5269661,Dhodial Pheasantry,,,Pakistan,34.42055556,73.25361111,Q5269661,Wikidata
Q5939541,Vakilabad Zoo,Mashhad,Mashhad County,Iran,36.338333333,59.447083333,Q5939541,Wikidata
Q5396496,Doghill,Särkänniemi,Tampere,Finland,61.50373,23.73962,Q5396496,Wikidata
Q5729551,Henry Vilas Zoo,Wisconsin,Wisconsin,United States,43.0594,-89.4103,Q5729551,Wikidata
Q5473889,Fota Wildlife Park,,,Ireland,51.889585,-8.311276,Q5473889,Wikidata
Q5366991,Elmwood Park Zoo,Pennsylvania,Pennsylvania,United States,40.1332,-75.3375,Q5366991,Wikidata
Q5240489,David Traylor Zoo of Emporia,Emporia,Emporia,United States,38.3834,-96.1776,Q5240489,Wikidata
Q5489052,Heinola bird sanctuary,Heinola,Heinola,Finland,61.203554,26.043144,Q5489052,Wikidata
Q5472415,Fort Worth Zoo,Fort Worth,Fort Worth,United States,32.72373,-97.35594,Q5472415,Wikidata
Q5515071,Greater Wynnewood Exotic Animal Park,Oklahoma,Oklahoma,United States,34.6256,-97.2111,Q5515071,Wikidata
Q5391328,Escurial Zoo and Flower Park,Heinijärvi,Liminka,Finland,64.721667,25.362778,Q5391328,Wikidata
Q5608906,Griffith Park Zoo,,,United States,34.1337,-118.289,Q5608906,Wikidata
Q5507754,Fukuyama City Zoo,Fukuyama,Fukuyama,Japan,34.524131,133.279138,Q5507754,Wikidata
Q5244208,DeYoung Family Zoo,Menominee County,Menominee County,United States,45.3079,-87.6449,Q5244208,Wikidata
Q5375952,Endangered Wolf Center,Missouri,Missouri,United States,38.5155,-90.5522,Q5375952,Wikidata
Q5877346,Hogle Zoo,Salt Lake City,Salt Lake City,United States,40.7498,-111.814,Q5877346,Wikidata
Q5472274,Fort Wayne Children's Zoo,Indiana,Indiana,United States,41.106388888,-85.154513888,Q5472274,Wikidata
Q5176044,Cougar Mountain Zoo,Washington,Washington,United States,47.553,-122.081,Q5176044,Wikidata
Q5963998,Oasis Park,Pájara,Pájara,Spain,28.186638888,-14.158222222,Q5963998,Wikidata
Q5564103,Giraffe Centre,,,Kenya,-1.374469,36.742324,Q5564103,Wikidata
Q5735294,Buin Zoo,Buin,Buin,Chile,-33.715075,-70.72683333,Q5735294,Wikidata
Q5566964,Glasgow Zoo,Glasgow City,Glasgow City,United Kingdom,55.839,-4.108,Q5566964,Wikidata
Q5464809,Folly Farm Adventure Park and Zoo,Kilgetty/Begelly,Kilgetty/Begelly,United Kingdom,51.7433,-4.73027,Q5464809,Wikidata
Q5617335,Q5617335,Nykøbing Falster,Guldborgsund Municipality,Denmark,54.7671,11.8927,Q5617335,Wikidata
Q5617390,Gulf Breeze Zoo,Florida,Florida,United States,30.4012,-86.9896,Q5617390,Wikidata
Q5273643,Dickerson Park Zoo,Missouri,Missouri,United States,37.2557,-93.3095,Q5273643,Wikidata
Q5195193,Currumbin Wildlife Sanctuary,Queensland,Queensland,Australia,-28.1359,153.488,Q5195193,Wikidata
Q5652828,Happy Hollow Park & Zoo,Kelley Park,San Jose,United States,37.3257,-121.862,Q5652828,Wikidata
Q5339105,Edmonton Valley Zoo,Edmonton,Alberta,Canada,53.511388888,-113.553888888,Q5339105,Wikidata
Q5617187,Gulab Bagh and Zoo,Udaipur district,Udaipur district,India,24.57138889,73.69277778,Q5617187,Wikidata
Q5491738,Franklin Park Zoo,Massachusetts,Massachusetts,United States,42.3052,-71.0891,Q5491738,Wikidata
Q5175494,Cotswold Wildlife Park,Oxfordshire,Oxfordshire,United Kingdom,51.7736,-1.65417,Q5175494,Wikidata
Q5303351,"Downtown Aquarium, Houston",Texas,Texas,United States,29.7642,-95.3674,Q5303351,Wikidata
Q5731426,Henson Robinson Zoo,Illinois,Illinois,United States,39.7274,-89.5835,Q5731426,Wikidata
Q5604747,Greenville Zoo,Greenville,South Carolina,United States,34.8474,-82.3871,Q5604747,Wikidata
Q5643148,Halls Gap Zoo,Victoria,Victoria,Australia,-37.1478,142.564,Q5643148,Wikidata
Q107303708,Agodi Garden Zoo,Ibadan,,Nigeria,,,Q107303708,Wikidata
Q106438098,Зоопарк города Саранска,Saransk,Saransk,Russia,54.175124,45.185238,Q106438098,Wikidata
Q104725180,Tierpark Senftenberg,Senftenberg,Senftenberg,Germany,51.51469847,14.0054708,Q104725180,Wikidata
Q83139828,zoo de Saint-Denis,Saint-Denis,Saint-Denis,France,-20.887204,55.486506,Q83139828,Wikidata
Q85754626,Crocodylus Park,Northern Territory,Northern Territory,Australia,-12.412132,130.928075,Q85754626,Wikidata
Q107247858,UNILORIN Zoo,University of Ilorin,Ilorin,Kwara State,8.481639,4.636946,Q107247858,Wikidata
Q98740649,Zoo Siebenbrunner Straße 6 in München,Munich,Munich,Germany,48.098167221,11.557616835,Q98740649,Wikidata
Q104847276,Southam Zoo,Southam,Southam,United Kingdom,52.253632,-1.376838,Q104847276,Wikidata
Q98686664,Q98686664,Praha-Troja,Troja,Czech Republic,50.1164331,14.4045497,Q98686664,Wikidata
Q95708949,Firefly Valley Leisure Park,Kota Tinggi District,Kota Tinggi District,Malaysia,1.7031,103.9135,Q95708949,Wikidata
Q104368999,Zoo d'Aïn Sebaâ,Casablanca,Casablanca,Morocco,,,Q104368999,Wikidata
Q98629586,Tiergarten Am Tiergarten 12 in Nürnberg,Nuremberg,Nuremberg,Germany,49.448015371,11.141139723,Q98629586,Wikidata
Q95689733,Zoológico del Parque de la Exposición,Park of the Exhibition,Lima,Peru,-12.06295,-77.035,Q95689733,Wikidata
Q107079912,Nandanvan Jungle Safari,Atal Nagar-Nava Raipur,Atal Nagar-Nava Raipur,India,21.0985,81.7778,Q107079912,Wikidata
Q99675884,National Kiwi Centre,Hokitika,Westland District,New Zealand,-42.7168664,170.9613693,Q99675884,Wikidata
Q106771209,Riyadh Zoo,Al-Malaz,Riyadh,Saudi Arabia,,,Q106771209,Wikidata
Q97196287,Yayoi Ikoinohiroba,Hirosaki,Hirosaki,Japan,,,Q97196287,Wikidata
Q81891890,Parrot Zoo in Bošovice,Bošovice,Bošovice,Czech Republic,49.05586,16.83725,Q81891890,Wikidata
Q102309967,zoológico La Grandera,Cangues d'Onís,Cangues d'Onís,Spain,43.345622255,-5.083011212,Q102309967,Wikidata
Q97111371,Zoológico do Recife,Recife,Recife,Brazil,,,Q97111371,Wikidata
Q86733283,Biotropica,Base régionale de plein air et de loisirs de Léry-Poses,,France,49.305277777,1.216111111,Q86733283,Wikidata
Q107256160,Eco Park,Yaoundé,Yaoundé,Cameroon,,,Q107256160,Wikidata
Q95709237,Desaru Ostrich Farm,Pengerang,Pengerang,Malaysia,1.368888888,104.241472222,Q95709237,Wikidata
Q106463993,Ecological Center of Sonora,Hermosillo,Hermosillo,Mexico,29.0181,-110.9487,Q106463993,Wikidata
Q106979540,Kalimba Reptile Park,,,Zambia,,,Q106979540,Wikidata
Q105825209,Zoo am Rammelsberg,Kassel,Kassel,Germany,51.317365,9.436964,Q105825209,Wikidata
Q101749588,Wildgatter Oberrabenstein,Grüna,Grüna,Germany,50.8338,12.8027,Q101749588,Wikidata
Q102609105,Sika Deer Ecological Park,Green Island,Gongguan Village,Taiwan,22.671611111,121.494416666,Q102609105,Wikidata
Q97861382,Tropical World,England,England,United Kingdom,53.840555555,-1.504722222,Q97861382,Wikidata
Q98629590,Tiergarten Am Tiergarten 28 in Nürnberg,Nuremberg,Nuremberg,Germany,49.45015678,11.139224668,Q98629590,Wikidata
Q90543696,Mini Zoo,Myslibořice,Myslibořice,Czech Republic,49.1034236,15.9829211,Q90543696,Wikidata
Q106978490,Davison's Camp,Hwange National Park,,Zimbabwe,,,Q106978490,Wikidata
Q106471139,Tiergarten Thum,Thum,Thum,Germany,,,Q106471139,Wikidata
Q93878742,Mugga Lane Zoo,Symonston,,Australia,-35.3514716,149.134962,Q93878742,Wikidata
Q104866733,Roscommon Zoo,,,United States,44.511111111,-84.484722222,Q104866733,Wikidata
Q97118822,Q97118822,,,Sweden,59.339166666,18.072777777,Q97118822,Wikidata
Q104841545,Ark Avilon Zoo,,,Philippines,,,Q104841545,Wikidata
Q87282998,Maroparque,Breña Alta,Breña Alta,Spain,28.68238,-17.77834,Q87282998,Wikidata
Q85755743,Darling Downs Zoo,Toowoomba Region,Toowoomba Region,Australia,-27.892277,152.020035,Q85755743,Wikidata
Q101063224,Zoo Kontakt,Liptovská Ondrašová,Liptovská Ondrašová,Slovakia,49.1031322,19.5731856,Q101063224,Wikidata
Q106075388,MiniZoo in Jacek Kuroń Park in Sosnowiec,Kazimierz Górniczy,Kazimierz Górniczy,Poland,50.30033847,19.243624189,Q106075388,Wikidata
Q96096397,Leeds Zoological and Botanical Gardens,Headingley,Leeds,United Kingdom,53.815194444,-1.575138888,Q96096397,Wikidata
Q98629583,Tiergarten Am Tiergarten 6 in Nürnberg,Nuremberg,Nuremberg,Germany,49.446619228,11.146221939,Q98629583,Wikidata
Q100942885,Zoo de Mescoules,Mescoules,Mescoules,France,44.73314,0.41867,Q100942885,Wikidata
Q83493944,Natur- und Tierpark Brüggen,Brüggen,Brüggen,Germany,51.260823,6.183799,Q83493944,Wikidata
Q97529901,Tuzoofari,Hidalgo,Hidalgo,Mexico,20.0226471,-98.6475275,Q97529901,Wikidata
Q85795742,Rajgir Zoo Safari,,,India,,,Q85795742,Wikidata
Q81036087,Bhagwan Birsa Biological Park,Jharkhand,Jharkhand,India,23.458,85.457,Q81036087,Wikidata
Q86361763,East Coast Natureworld,Tasmania,Tasmania,Australia,,,Q86361763,Wikidata
Q106071028,Zhoukou Safari Park,Zhoukou,Zhoukou,People's Republic of China,,,Q106071028,Wikidata
Q98740444,Tierpark Schlichtweg 15 in München,Munich,Munich,Germany,48.092863197,11.551150154,Q98740444,Wikidata
Q97129187,Zoo de Córdoba,Córdoba,Córdoba,Spain,37.870018771,-4.786041861,Q97129187,Wikidata
Q85507020,Tropikariet,,,Sweden,56.058941,12.7060331,Q85507020,Wikidata
Q93202513,Erbil Zoo,Erbil,Erbil,Kurdistan,36.2172,44.1607,Q93202513,Wikidata
Q80508323,Hunter Valley Wildlife Park,Nulkaba,New South Wales,Australia,-32.796055555,151.363611111,Q80508323,Wikidata
Q105438385,Bannerghatta Biological Park,,,India,,,Q105438385,Wikidata
Q84042267,Eagle Heights Wildlife Foundation,Eynsford,Eynsford,United Kingdom,51.369525,0.192566,Q84042267,Wikidata
Q102222071,Zoológico do CIGS,Manaus,Manaus,Brazil,-3.1036162,-60.0465619,Q102222071,Wikidata
Q86360197,Zoo Empordà,Regencós,Regencós,Spain,41.954099,3.159076,Q86360197,Wikidata
Q104842729,Coventry Zoo,,,United Kingdom,52.389407,-1.490185,Q104842729,Wikidata
Q85783684,Mansfield Zoo,Victoria,Victoria,Australia,-37.127308,146.132187,Q85783684,Wikidata
Q86667351,Ryazhsk Zoo,Svet,Svet,Russia,53.68,40.1,Q86667351,Wikidata
Q96392650,Menominee Park Zoo,Oshkosh,Oshkosh,United States,44.021388888,-88.518333333,Q96392650,Wikidata
Q98740652,Zoo Siebenbrunner Straße 6 in München,Munich,Munich,Germany,48.097127621,11.556591897,Q98740652,Wikidata
Q97125261,Q97125261,,,Sweden,,,Q97125261,Wikidata
Q92063704,Parco ittico Paradiso,Villa Pompeiana,Zelo Buon Persico,Italy,45.38778,9.445174,Q92063704,Wikidata
Q85255337,Q85255337,Felsőlajos,Felsőlajos,Hungary,47.049207,19.491872,Q85255337,Wikidata
Q96623400,Starooskolsky Zoo,,,Russia,51.323754,38.000228,Q96623400,Wikidata
Q98629587,Tiergarten Am Tiergarten 14 in Nürnberg,Nuremberg,Nuremberg,Germany,49.449239948,11.145560913,Q98629587,Wikidata
Q86833062,I.Q. Zoo,Hot Springs,Hot Springs,United States,,,Q86833062,Wikidata
Q107094445,Gandhi Zoological Park,Gwalior district,Gwalior district,India,26.209996625,78.169397661,Q107094445,Wikidata
Q96249944,Wirgarten Fulda,Fulda,Fulda,Germany,50.544855,9.657068,Q96249944,Wikidata
Q97585928,Northumberland College Zoo,England,England,United Kingdom,55.089222222,-1.766372222,Q97585928,Wikidata
Q106652248,Miniature Pony Centre,,,United Kingdom,50.649,-3.816,Q106652248,Wikidata
Q98740653,Zoo Schlichtweg 11 in München,Munich,Munich,Germany,48.094393793,11.552163949,Q98740653,Wikidata
Q86833284,Wichita Falls Municipal Zoo,Wichita Falls,Wichita Falls,United States,,,Q86833284,Wikidata
Q97539508,Awaji Farm Park England Hill,Minami-Awaji,Minami-Awaji,Japan,34.307638888,134.801527777,Q97539508,Wikidata
Q96399736,Ponderosa Zoo,Kirklees,Kirklees,United Kingdom,53.6934,-1.6709,Q96399736,Wikidata
Q104601172,Karelian Zoo,Kirkkolahti,Kirkkolahti,Russia,61.994143,30.784618,Q104601172,Wikidata
Q97321288,Sahara Zoo,Tozeur,Tozeur,Tunisia,33.89610191,8.135539055,Q97321288,Wikidata
Q82178835,Wanneroo Lion Park,City of Wanneroo,City of Wanneroo,Australia,-31.615289,115.8191,Q82178835,Wikidata
Q98165752,Loros del Sur,Playa de las Américas,Playa de las Américas,Spain,28.059055555,-16.731277777,Q98165752,Wikidata
Q85741058,Altina Wildlife Park,New South Wales,New South Wales,Australia,-34.618643,146.058739,Q85741058,Wikidata
Q107012272,Hagachizaki Monkey Bay,Minamiizu,Minamiizu,Japan,34.693258333,138.747427777,Q107012272,Wikidata
Q6424313,Kobe Animal Kingdom,Minatojima Minamimachi,Minatojima Minamimachi,Japan,34.65416667,135.22305556,Q6424313,Wikidata
Q6518868,Lehigh Valley Zoo,Pennsylvania,Pennsylvania,United States,40.6583,-75.626,Q6518868,Wikidata
Q6731479,Magnetic Hill Zoo,New Brunswick,New Brunswick,Canada,46.1374,-64.8848,Q6731479,Wikidata
Q6761437,Maria Mitchell Aquarium,Massachusetts,Massachusetts,United States,41.2819,-70.0959,Q6761437,Wikidata
Q6171744,Zoo de Rawson,Rawson,Rawson,Argentina,-43.29388889,-65.11805556,Q6171744,Wikidata
Q6881335,Mitchell Park Zoo,Durban,Durban,South Africa,-29.825487,31.01132,Q6881335,Wikidata
Q6171795,Santillana Zoo,Santillana del Mar,Santillana del Mar,Spain,43.3811,-4.10289,Q6171795,Wikidata
Q6715234,ME's Zoo,Indiana,Indiana,United States,40.1196,-85.209,Q6715234,Wikidata
Q6689256,Louisiana Purchase Gardens and Zoo,Louisiana,Louisiana,United States,32.4663,-92.0937,Q6689256,Wikidata
Q6062796,Parque de las Leyendas,San Miguel,San Miguel,Peru,-12.06731383,-77.086669,Q6062796,Wikidata
Q6815902,Memphis Zoo,Memphis,Memphis,United States,35.15,-89.9943,Q6815902,Wikidata
Q6859211,Miller Park Zoo,Illinois,Illinois,United States,40.469,-89.0055,Q6859211,Wikidata
Q6171785,Paraguaná Zoo,Punto Fijo,Parroquia Cardón,Venezuela,11.650899,-70.2223741,Q6171785,Wikidata
Q6481541,Babolsar Zoo,Babolsar,Babolsar County,Iran,,,Q6481541,Wikidata
Q6478839,Lakeland Wildlife Oasis,Beetham,Beetham,United Kingdom,54.1931,-2.7536,Q6478839,Wikidata
Q6062578,Parque Zoológico Chorros de Milla,,,Venezuela,8.63194444,-71.14611111,Q6062578,Wikidata
Q6465257,Parc zoologique de Montpellier,Montpellier,Montpellier,France,43.639513888,3.873847222,Q6465257,Wikidata
Q6907207,Moody Gardens,Galveston,Galveston,United States,29.2741,-94.8513,Q6907207,Wikidata
Q6171782,Havana Zoo,Havana,Havana,Cuba,23.11055556,-82.39694444,Q6171782,Wikidata
Q6062597,Parque del Centenario,,,Mexico,20.977699004,-89.640815859,Q6062597,Wikidata
Q6171767,Zoológico Los Coyotes,Mexico City,Mexico City,Mexico,19.319,-99.122,Q6171767,Wikidata
Q6484561,Landhi Korangi Zoo,,,Pakistan,24.826615,67.158657,Q6484561,Wikidata
Q6900777,Monkey Jungle,Florida,Florida,United States,25.5664,-80.4313,Q6900777,Wikidata
Q6651776,Little Rock Zoo,Arkansas,Arkansas,United States,34.7464,-92.3321,Q6651776,Wikidata
Q6555411,Lion Country Safari,Florida,Florida,United States,26.71377,-80.32208,Q6555411,Wikidata
Q6821356,Mesker Park Zoo and Botanic Garden,Mesker Park,Evansville,United States,37.9971,-87.6016,Q6821356,Wikidata
Q6514798,Lee Richardson Zoo,Kansas,Kansas,United States,37.9591,-100.8722,Q6514798,Wikidata
Q6513638,Lee G. Simmons Wildlife Safari Park,Nebraska,Nebraska,United States,41.015277777,-96.298888888,Q6513638,Wikidata
Q6898210,Monarto Zoo,South Australia,South Australia,Australia,-35.099444444,139.152777777,Q6898210,Wikidata
Q6063110,Parque Natural de Pucallpa,Pucallpa,Ucayali Department,Peru,-8.389846,-74.560361,Q6063110,Wikidata
Q6171768,Zoológico de Fauna Sudamericana,Santa Cruz de la Sierra,Santa Cruz de la Sierra,Bolivia,-17.75935,-63.18296,Q6171768,Wikidata
Q6673803,Longfellow Zoological Gardens,Minneapolis,Minneapolis,United States,44.915555555,-93.214722222,Q6673803,Wikidata
Q6165969,Jawaharlal Nehru Biological Park,,,India,,,Q6165969,Wikidata
Q6764319,Marineland of the Pacific,Los Angeles County,Los Angeles County,United States,33.7386,-118.399,Q6764319,Wikidata
Q6858365,Mill Mountain Zoo,Roanoke,Roanoke,United States,37.2489,-79.9363,Q6858365,Wikidata
Q6755206,Marble Palace Zoo,,,India,22.582,88.3595,Q6755206,Wikidata
Q6398109,Key West Aquarium,,,United States,24.5590437,-81.8073156,Q6398109,Wikidata
Q6171783,Zoológico de Luján,Luján Partido,Luján Partido,Argentina,-34.578543,-59.017248,Q6171783,Wikidata
Q6694171,ZooTampa,Florida,Florida,United States,28.013333333,-82.469444444,Q6694171,Wikidata
Q6838512,Micke Grove Zoo,Micke Grove Regional Park,California,United States,38.0792,-121.272,Q6838512,Wikidata
Q6312792,Jungle Cat World,Ontario,Ontario,Canada,43.9936,-78.6078,Q6312792,Wikidata
Q6312921,Jungle World,Ayub National Park,Rawalpindi District,Pakistan,33.565979,73.085324,Q6312921,Wikidata
Q6171769,Parque de la Conservación,Medellín,Medellín,Colombia,6.223271084,-75.580258221,Q6171769,Wikidata
Q6902500,Monsanto Insectarium,Missouri,Missouri,United States,38.6349,-90.2919,Q6902500,Wikidata
Q6473423,Lahore Zoo Safari,Punjab,Punjab,Pakistan,31.382777777,74.213333333,Q6473423,Wikidata
Q6900809,Monkey Sanctuary,Looe,Looe,United Kingdom,50.3654,-4.4136,Q6900809,Wikidata
Q6171747,Zoobotánico Jerez,Jerez de la Frontera,Jerez de la Frontera,Spain,36.690192,-6.149136,Q6171747,Wikidata
Q6890658,Mogo Zoo,New South Wales,New South Wales,Australia,-35.7954,150.159,Q6890658,Wikidata
Q6424208,Koala Park Sanctuary,New South Wales,New South Wales,Australia,-33.7419,151.045,Q6424208,Wikidata
Q6593348,Pionirska dolina,Centar Municipality,Centar Municipality,Bosnia and Herzegovina,43.87761389,18.41184722,Q6593348,Wikidata
Q6672689,Long Island Game Farm,Manorville,Manorville,United States,40.8483,-72.7889,Q6672689,Wikidata
Q6450637,Kyabram Fauna Park,Victoria,Victoria,Australia,-36.3242,145.049,Q6450637,Wikidata
Q6171737,Zoo Koki (Parque zoológico y botánico),Santo Domingo-Caudilla,Santo Domingo-Caudilla,Spain,40.042672,-4.359589,Q6171737,Wikidata
Q6171779,Córdoba Zoo,Córdoba,Córdoba,Argentina,-31.4267,-64.1761,Q6171779,Wikidata
Q6452176,Kyoto City Zoo,Okazaki Park,Sakyō-ku,Japan,35.012853,135.786006,Q6452176,Wikidata
Q6444237,Kund Park,Nowshera,Nowshera,Pakistan,33.928352,72.234718,Q6444237,Wikidata
Q6786361,Matecaña City Zoo,Pereira,Pereira,Colombia,,,Q6786361,Wikidata
Q6704651,Lupa Zoo,Massachusetts,Massachusetts,United States,42.1956,-72.4893,Q6704651,Wikidata
Q6423701,Zoo Knoxville,Tennessee,Tennessee,United States,35.9999,-83.888,Q6423701,Wikidata
Q6124433,Selwo Aventura,Estepona,Estepona,Spain,36.462557,-5.085613,Q6124433,Wikidata
Q6905834,Montgomery Zoo,Alabama,Alabama,United States,32.4201,-86.2772,Q6905834,Wikidata
Q6171780,Zoológico de Florencio Varela,Florencio Varela Partido,Florencio Varela Partido,Argentina,-34.8054,-58.25130556,Q6171780,Wikidata
Q6165901,Jawahar Deer Park,Telangana,Telangana,India,,,Q6165901,Wikidata
Q6084173,The Wildheart Animal Sanctuary,Sandown,Sandown,United Kingdom,50.6609,-1.1394,Q6084173,Wikidata
Q6697780,Nawab Wajid Ali Shah Prani Udyan,,,India,26.84607,80.95463,Q6697780,Wikidata
Q6392239,Kentucky Down Under,Kentucky,Kentucky,United States,37.2029,-85.9334,Q6392239,Wikidata
Q6063251,Parque Zoológico Nacional Simón Bolívar,San José,San José,Costa Rica,9.938888888,-84.0725,Q6063251,Wikidata
Q6140007,Shanghai Wild Animal Park,,,People's Republic of China,31.049,121.709,Q6140007,Wikidata
Q6171788,Zoológico de Quilpué,Quilpué,Quilpué,Chile,-33.04088333,-71.451825,Q6171788,Wikidata
Q6423488,Knowsley Safari Park,Prescot,Prescot,United Kingdom,53.442,-2.812,Q6423488,Wikidata
Q6364924,Kansas City Zoo,Kansas City,Kansas City,United States,39.00656,-94.52674,Q6364924,Wikidata
Q6550950,Lincoln Park Zoo,Manitowoc,Manitowoc,United States,44.1106,-87.6491,Q6550950,Wikidata
Q6220465,John Ball Zoo,Michigan,Michigan,United States,42.962783333,-85.704788888,Q6220465,Wikidata
Q6171774,Zoológico de Montevideo,Villa Dolores,Municipality CH,Uruguay,-34.90088611,-56.14526111,Q6171774,Wikidata
Q6171771,Santacruz zoo,San Antonio del Tequendama,San Antonio del Tequendama,Colombia,4.583569166,-74.3329475,Q6171771,Wikidata
Q6398108,Key West Butterfly and Nature Conservatory,Florida,Florida,United States,24.5475,-81.7969,Q6398108,Wikidata
Q6896316,Nashville Zoo at Grassmere,Nashville,Nashville,United States,36.08986,-86.733432,Q6896316,Wikidata
Q6117808,Jackson Zoo,Mississippi,Mississippi,United States,32.3202,-90.2207,Q6117808,Wikidata
Q6442702,Kula Eco Park,Sigatoka,Sigatoka,Fiji,-18.2,177.68,Q6442702,Wikidata
Q6171745,Seville Zoo,Las Pajanosas,Las Pajanosas,Spain,37.566618199,-6.084969723,Q6171745,Wikidata
Q6478947,Lakes Aquarium,Lakeside,Colton,United Kingdom,54.2781,-2.95587,Q6478947,Wikidata
Q6392336,Kentucky Reptile Zoo,,,United States,37.7932,-83.7039,Q6392336,Wikidata
Q6747564,Manchester Zoological Gardens,Salford,Salford,United Kingdom,53.5103,-2.25861,Q6747564,Wikidata
Q6315378,Jurong Reptile Park,,,Singapore,1.3209,103.709,Q6315378,Wikidata
Q6320026,Järvzoo,Järvsö,Ljusdal Municipality,Sweden,61.710277777,16.154166666,Q6320026,Wikidata
Q6171792,Zacango Zoo,State of Mexico,State of Mexico,Mexico,19.201588,-99.648024,Q6171792,Wikidata
Q6824686,Metro Richmond Zoo,Chesterfield County,Chesterfield County,United States,37.3818,-77.7674,Q6824686,Wikidata
Q6171790,Zoológico de Quito,Guayllabamba,Guayllabamba,Ecuador,-0.070822659,-78.357933027,Q6171790,Wikidata
Q6356988,Mvog-Betsi Zoo,Yaoundé,Yaoundé,Cameroon,3.86474,11.4875,Q6356988,Wikidata
Q6171777,zoologico de barranquilla,Barranquilla,Barranquilla,Colombia,11.0106,-74.7969,Q6171777,Wikidata
Q116145362,Kiwi Park,Queenstown,Queenstown,New Zealand,-45.02718,168.6571,Q116145362,Wikidata
Q113557320,Jardin zoologique de Kinshasa,Kinshasa,,Democratic Republic of the Congo,-4.310555555,15.308055555,Q113557320,Wikidata
Q115054898,Paphos Zoo,Pegeia,Pegeia,Cyprus,34.892877,32.341219,Q115054898,Wikidata
Q112252877,Zoopark Zelčín,Hořín,Hořín,Czech Republic,50.3270808,14.4366089,Q112252877,Wikidata
Q116267739,University of Oulu Zoo,Linnanmaa,Oulu,Finland,,,Q116267739,Wikidata
Q115166386,Parc animalier des Gorges de l'Ardèche,Vagnas,Vagnas,France,44.349222222,4.346916666,Q115166386,Wikidata
Q110988745,Abidjan zoo,Abidjan,Abidjan,Ivory Coast,5.380833333,-4.005,Q110988745,Wikidata
Q110464677,Parco faunistico Valcorba,Pozzonovo,Pozzonovo,Italy,45.145267,11.836303,Q110464677,Wikidata
Q115864074,Южный парк птиц Малинки,,,Russia,47.74778,40.08611,Q115864074,Wikidata
Q115170753,Planeta Obez'yan,Moscow,Moscow,Russia,,,Q115170753,Wikidata
Q116024970,Micro Zoo de Saint Malo,Ramparts of Saint-Malo,Saint-Malo,France,48.651644444,-2.024094444,Q116024970,Wikidata
Q115470712,Higashiyama Zoo North Park,Higashiyama Zoo and Botanical Gardens,"Kameiri, Tashiro-chō, Nagoya",Japan,35.158260009,136.977732239,Q115470712,Wikidata
Q113366359,Acuario de Almuñécar,Almuñécar,Almuñécar,Spain,36.73512,-3.69258,Q113366359,Wikidata
Q112078133,Uganda Wildlife Conservation Education Center,Entebbe,Entebbe,Uganda,0.05428,32.4794,Q112078133,Wikidata
Q110320795,Vogel- und Kleintierpark Reilingen,Reilingen,Reilingen,Germany,,,Q110320795,Wikidata
Q112064170,Zoological Garden Jos,Jos,Jos,Nigeria,9.914853,8.885063,Q112064170,Wikidata
Q113633393,Q113633393,"Paderne, A Coruña","Paderne, A Coruña",Spain,43.268685845,-8.139033112,Q113633393,Wikidata
Q108601975,Lincolnshire Wildlife Park,Lincolnshire,Lincolnshire,United Kingdom,53.081649,0.14559,Q108601975,Wikidata
Q110390176,Q110390176,Lubin,Lubin,Poland,51.3925,16.212889,Q110390176,Wikidata
Q116671518,Ukumarí Biopark,Pereira,Pereira,Colombia,4.800833333,-75.810833333,Q116671518,Wikidata
Q111525417,Tiergarten Fasanerie Groß-Gerau,Groß-Gerau,Groß-Gerau,Germany,49.903666666,8.481,Q111525417,Wikidata
Q112844064,Helsingborgs Djur- och Lekpark,Helsingborg Municipality,Helsingborg Municipality,Sweden,56.036970686,12.79159747,Q112844064,Wikidata
Q110088049,La Tanière,Nogent-le-Phaye,Nogent-le-Phaye,France,48.449880555,1.551338888,Q110088049,Wikidata
Q108927358,OOPL wildlife park,Olusegun Obasanjo Presidential Library Abeokuta,Abeokuta,Nigeria,7.125671,3.362821,Q108927358,Wikidata
Q110801781,Tierpark Petersberg,Petersberg,Petersberg,Germany,,,Q110801781,Wikidata
Q110929549,Zoo Sibiu,Sibiu,Sibiu,Romania,45.761825,24.123661111,Q110929549,Wikidata
Q110964006,Tierpark Nymphaea,Esslingen am Neckar,Esslingen am Neckar,Germany,48.724274156,9.333574515,Q110964006,Wikidata
Q110627221,Alpenwildpark Harder,Interlaken,Interlaken,Switzerland,,,Q110627221,Wikidata
Q112979178,Linyi Zoological and Botanical Garden,Linyi,Linyi,People's Republic of China,34.9870086,118.5388897,Q112979178,Wikidata
Q110264231,Doha Zoo,,,Qatar,,,Q110264231,Wikidata
Q110965513,Tierpark Hexentanzplatz,Hexentanzplatz,Thale,Germany,51.730055555,11.02375,Q110965513,Wikidata
Q109342315,Imo State Zoological Garden,Nekede,Owerri,Nigeria,5.456552415,7.028656557,Q109342315,Wikidata
Q110239814,Alexandra Park Zoo,Queensland,Queensland,Australia,-24.865833,152.343056,Q110239814,Wikidata
Q109283876,Singapore Miniature Zoo,,,Singapore,1.2928,103.7675,Q109283876,Wikidata
Q109370192,東筑波ユートピア,,,Japan,,,Q109370192,Wikidata
Q109361698,Sayama Chikōzan Children's Zoo,Chikōzan Park,Sayama,Japan,,,Q109361698,Wikidata
Q113363237,Aquarium Roquetas,Roquetas de Mar,Roquetas de Mar,Spain,36.78203,-2.6044,Q113363237,Wikidata
Q110627223,Tierpark Langenthal,Langenthal,Langenthal,Switzerland,,,Q110627223,Wikidata
Q112066364,GSU Zoological Garden,,,Nigeria,10.303543,11.175907,Q112066364,Wikidata
Q117372677,Limassol Zoo,Limassol Municipality,Limassol Municipality,Cyprus,34.683158333,33.055986111,Q117372677,Wikidata
Q109361701,Ōshima Park Zoo,Ōshima-machi,Ōshima-machi,Japan,34.761137,139.434567,Q109361701,Wikidata
Q112044200,Jardim Zoológico de Vila Isabel,Vila Isabel,Rio de Janeiro,Brazil,,,Q112044200,Wikidata
Q109356031,Sanda Kyarimi Park Zoo,Borno State,Borno State,Nigeria,11.832348,13.147361,Q109356031,Wikidata
Q117319074,Erlebnistierpark Memleben,Memleben,Kaiserpfalz,Germany,51.26464,11.49466,Q117319074,Wikidata
Q116763933,Lalehzar Zoo,,,Iran,,,Q116763933,Wikidata
Q108913257,Central Coast Zoo,New South Wales,New South Wales,Australia,-33.271666666,151.389722222,Q108913257,Wikidata
Q117118985,Zoológico El Arca,Cotundo,Cotundo,Ecuador,,,Q117118985,Wikidata
Q109342221,Audu Bako Zoo,Kano,Kano,Nigeria,11.967165317,8.526099398,Q109342221,Wikidata
Q113232241,Birding center in Eilat,Eilat,Eilat,Israel,29.572777307,34.972406314,Q113232241,Wikidata
Q109256775,Q109256775,,,Saudi Arabia,,,Q109256775,Wikidata
Q108652547,Exotic Animal World,Stellenbosch Local Municipality,Stellenbosch Local Municipality,South Africa,-33.8,18.872222222,Q108652547,Wikidata
Q110966452,Q110966452,Zakarpattia Oblast,Zakarpattia Oblast,Ukraine,48.568888888,23.663055555,Q110966452,Wikidata
Q116214252,Mogo Wildlife Park,New South Wales,New South Wales,Australia,-35.7954,150.1592,Q116214252,Wikidata
Q112266168,Brückenkopf-Zoo,Jülich,Jülich,Germany,,,Q112266168,Wikidata
Q109627788,Lusen National Park Centre,Bavarian Forest National Park,Neuschönau,Germany,48.9002,13.4808,Q109627788,Wikidata
Q115047510,The Green Planet,Dubai,Dubai,United Arab Emirates,25.20653,55.26063,Q115047510,Wikidata
Q108908792,Imo State Zoo & Wildlife Park,Imo State,Imo State,Nigeria,5.43857,7.02889,Q108908792,Wikidata
Q109084332,Nairobi Safari Walk,Nairobi,Nairobi,Kenya,-1.3368,36.77731,Q109084332,Wikidata
Q115959798,Punggol Zoo,,,Singapore,1.411916666,103.911666666,Q115959798,Wikidata
Q115592971,Hof van Eckberge,Eibergen,Berkelland,Netherlands,52.097861,6.624377,Q115592971,Wikidata
Q111515618,Batang Dolphin Center,,,Indonesia,,,Q111515618,Wikidata
Q108698185,Patiala Zoo,Punjab,Punjab,India,,,Q108698185,Wikidata
Q109887602,Krasnodar Safari Park,Krasnodar,Krasnodar,Russia,45.00744,39.05283,Q109887602,Wikidata
Q109229025,Birdland Animal Park,New South Wales,New South Wales,Australia,-35.723583333,150.194222222,Q109229025,Wikidata
Q109590284,Brooklands Zoo,New Plymouth,New Plymouth,New Zealand,-39.069834504,174.082566609,Q109590284,Wikidata
Q108805258,Sylvan Heights Bird Park,Scotland Neck,Scotland Neck,United States,,,Q108805258,Wikidata
Q116838438,Tiergarten Sonneberg,Sonneberg,Sonneberg,Germany,50.36708,11.18946,Q116838438,Wikidata
Q114892123,Tierpark Riesa,Riesa,Riesa,Germany,,,Q114892123,Wikidata
Q110324148,Tierpark Bad Kösen,Naumburg,Naumburg,Germany,51.132638888,11.720527777,Q110324148,Wikidata
Q117761773,Zoológico El Pantanal,Guayaquil,Guayaquil,Ecuador,,,Q117761773,Wikidata
Q113135621,Bio Ramon,Mitzpe Ramon,Mitzpe Ramon,Israel,30.609795495,34.804799391,Q113135621,Wikidata
Q116895699,Zoologico de Vallarta,Puerto Vallarta,Puerto Vallarta,Mexico,,,Q116895699,Wikidata
Q110300674,Malabon Zoo,,,Philippines,14.6635,120.9829,Q110300674,Wikidata
Q108800549,Sewerby Zoo,East Riding of Yorkshire,East Riding of Yorkshire,United Kingdom,54.103758,-0.162613,Q108800549,Wikidata
Q108689584,Kamla Nehru Zoological Garden,Ahmedabad,Ahmedabad,India,23.00758,72.60443,Q108689584,Wikidata
Q115110287,Tier- und Spielpark Bichlbach,Bichlbach,Bichlbach,Austria,47.421046,10.796031,Q115110287,Wikidata
Q115470771,Higashiyama Zoo Main Park,Higashiyama Zoo and Botanical Gardens,"Kameiri, Tashiro-chō, Nagoya",Japan,35.155347902,136.977065652,Q115470771,Wikidata
Q117788027,Shaldon Zoo,Shaldon,Shaldon,United Kingdom,50.536666666,-3.498888888,Q117788027,Wikidata
Q111303054,Tierpark am See,Ilmenau,Ilmenau,Germany,,,Q111303054,Wikidata
Q108801638,Tanganyika Wildlife Park,Goddard,Goddard,United States,37.6727,-97.5577,Q108801638,Wikidata
Q110641395,Ipswich Nature Centre,City of Ipswich,City of Ipswich,Australia,-27.61891,152.76717,Q110641395,Wikidata
Q113867110,Bear Hollow Zoo,Athens,Athens,United States,33.9272131,-83.3873716,Q113867110,Wikidata
Q115154439,Centrum voor Natuur- en Milieu Educatie,Amersfoort,Amersfoort,Netherlands,,,Q115154439,Wikidata
Q113905941,La Ferme des Reptiles,La Bastide-de-Sérou,La Bastide-de-Sérou,France,43.023,1.38625,Q113905941,Wikidata
Q108905598,Wildfreigehege Nöttler Berg,Saerbeck,Saerbeck,Germany,,,Q108905598,Wikidata
Q110503983,Juliana Hertenkamp,Tiel,Tiel,Netherlands,51.883056,5.434722,Q110503983,Wikidata
Q117083225,Parrot World,Crécy-la-Chapelle,Crécy-la-Chapelle,France,48.84212,2.95026,Q117083225,Wikidata
Q117088050,Zoológico Payo Obispo,Chetumal,Chetumal,Mexico,18.521111111,-88.303333333,Q117088050,Wikidata
Q112841292,Lanzhou Wildlife Park,,,,,,Q112841292,Wikidata
Q108545050,Farmapark Muchomůrka,Svoboda nad Úpou,Svoboda nad Úpou,Czech Republic,50.6299994,15.807265,Q108545050,Wikidata
Q111979067,Zoo New York,Thompson Park,New York,United States,43.961901762,-75.885603748,Q111979067,Wikidata
Q116826426,Selig Zoo,,,United States,34.0676,-118.2009,Q116826426,Wikidata
Q113011987,Machia Biological Park,,,India,26.304166666,72.979444444,Q113011987,Wikidata
Q115862519,Universal City Zoo,,,United States,34.141,-118.3484,Q115862519,Wikidata
Q112333666,Zoo delle Maitine,Pesco Sannita,Pesco Sannita,Italy,41.212778,14.805556,Q112333666,Wikidata
Q116776044,Q116776044,Alingsås Municipality,Alingsås Municipality,Sweden,57.933694,12.514389,Q116776044,Wikidata
Q112315748,Heimattiergarten Bierer Berg,Schönebeck,Schönebeck,Germany,,,Q112315748,Wikidata
Q7418426,Sanjay Gandhi Biological Park,,,India,25.596513,85.099304,Q7418426,Wikidata
Q7338761,Riverview Park & Zoo,Ontario,Ontario,Canada,44.343,-78.3095,Q7338761,Wikidata
Q7455096,Serpent Safari,,,United States,42.388889,-87.9575,Q7455096,Wikidata
Q7504536,Shubenacadie Wildlife Park,Nova Scotia,Nova Scotia,Canada,45.0936,-63.3932,Q7504536,Wikidata
Q7687422,Tasmania Zoo,Tasmania,Tasmania,Australia,-41.43095,146.978461,Q7687422,Wikidata
Q7077669,Odense Zoo,Odense Municipality,Odense Municipality,Denmark,55.378,10.373,Q7077669,Wikidata
Q7419807,Heal the Bay Aquarium,California,California,United States,34.01,-118.495833333,Q7419807,Wikidata
Q7569286,Karachi Zoo,,,Pakistan,24.876228,67.023203,Q7569286,Wikidata
Q7066894,Nowra Wildlife Park,New South Wales,New South Wales,Australia,-34.8704,150.568,Q7066894,Wikidata
Q7039114,Ninoy Aquino Parks & Wildlife Center,,,Philippines,14.6505812,121.043908,Q7039114,Wikidata
Q7366377,Roos-n-More Zoo,Nevada,Nevada,United States,36.6951,-114.59,Q7366377,Wikidata
Q7099598,Orange County Zoo,California,California,United States,33.7964,-117.751,Q7099598,Wikidata
Q7309977,Reid Park Zoo,Tucson,,United States,32.208,-110.92,Q7309977,Wikidata
Q6978303,National Sea Life Centre,Birmingham,Birmingham,United Kingdom,52.478841666,-1.913491666,Q6978303,Wikidata
Q7186583,Phnom Tamao Wildlife Rescue Centre,Takéo Province,Takéo Province,Cambodia,11.30055556,104.80111111,Q7186583,Wikidata
Q7338072,Riverbanks Zoo,Columbia,Columbia,United States,34.01004,-81.074389,Q7338072,Wikidata
Q7166157,Peoria Zoo,Illinois,Illinois,United States,40.7155,-89.5742,Q7166157,Wikidata
Q7234774,Potawatomi Zoo,Indiana,Indiana,United States,41.6693,-86.2179,Q7234774,Wikidata
Q7279665,Racine Zoo,Racine,Wisconsin,United States,42.7488,-87.7837,Q7279665,Wikidata
Q7398400,Safari West,Sonoma County,Sonoma County,United States,38.5571,-122.696,Q7398400,Wikidata
Q7425054,Sakai National Park Kujukushima Zoo & Botanical Garden,Sasebo,Sasebo,Japan,33.151227,129.689513,Q7425054,Wikidata
Q7185928,Phillips Park Zoo,Illinois,Illinois,United States,41.7363,-88.2948,Q7185928,Wikidata
Q7487446,Shambala Animal Kingdom,Queensland,Queensland,Australia,-16.9009,145.571,Q7487446,Wikidata
Q7572346,Space Farms Zoo and Museum,New Jersey,New Jersey,United States,41.2096,-74.693,Q7572346,Wikidata
Q7128018,Palm Beach Zoo,Florida,Florida,United States,26.6664,-80.0693,Q7128018,Wikidata
Q7243052,Primarily Primates,Texas,Texas,United States,29.68920833,-98.68306111,Q7243052,Wikidata
Q7442258,Seaview Wildlife Encounter,Seaview,Nettlestone and Seaview,United Kingdom,50.7206,-1.12333,Q7442258,Wikidata
Q7007642,New Forest Wildlife Park,Hampshire,Hampshire,United Kingdom,50.886,-1.4983,Q7007642,Wikidata
Q6970845,National Aviary,Allegheny Commons,Pittsburgh,United States,40.4533,-80.01,Q6970845,Wikidata
Q7201595,Plantasia,,,United Kingdom,51.6217,-3.93861,Q7201595,Wikidata
Q7074095,Oaklawn Farm Zoo,Nova Scotia,Nova Scotia,Canada,45.0044,-64.8446,Q7074095,Wikidata
Q7439936,Sea Life Park Hawaii,Waimānalo,Hawaii,United States,21.3145,-157.664,Q7439936,Wikidata
Q7206302,Zoo Idaho,Pocatello,Pocatello,United States,42.8427,-112.422,Q7206302,Wikidata
Q7083453,Old Belize Museum and Cucumber Beach,Belize District,Belize District,Belize,17.48333,-88.18333,Q7083453,Wikidata
Q7129731,Pana'ewa Rainforest Zoo,Hawaii,Hawaii,United States,19.6552,-155.075,Q7129731,Wikidata
Q7338572,Riverside Park and Zoo,Nebraska,Nebraska,United States,41.8552,-103.684,Q7338572,Wikidata
Q7404825,Salisbury Zoo,Maryland,Maryland,United States,38.361,-75.5828,Q7404825,Wikidata
Q7060255,Northwest Trek Wildlife Park,Washington,Washington,United States,46.9162,-122.272,Q7060255,Wikidata
Q7187022,Phoenix Zoo,Arizona,Arizona,United States,33.4525,-111.949,Q7187022,Wikidata
Q7134390,Hertfordshire Zoo,Broxbourne,Broxbourne,United Kingdom,51.7421,-0.053988,Q7134390,Wikidata
Q7115140,Oxbow Park and Zollman Zoo,Kalmar Township,Kalmar Township,United States,44.0842,-92.6504,Q7115140,Wikidata
Q6980456,Natural Bridge Wildlife Ranch,Texas,Texas,United States,29.694386,-98.335778,Q6980456,Wikidata
Q7164726,Penscynor Wildlife Park,,,United Kingdom,51.6809,-3.7829,Q7164726,Wikidata
Q7441827,Seaside Aquarium,,,United States,45.99526,-123.92916,Q7441827,Wikidata
Q7101428,Oregon Zoo,Portland,Portland,United States,45.508333333,-122.714722222,Q7101428,Wikidata
Q7366482,Roosevelt Park Zoo,North Dakota,North Dakota,United States,48.2342,-101.273,Q7366482,Wikidata
Q7445905,Lok Kawi Wildlife Park,Putatan District,Putatan District,Malaysia,5.84747,116.06867,Q7445905,Wikidata
Q7316188,NOVA Wild,Virginia,Virginia,United States,38.9725,-77.313333333,Q7316188,Wikidata
Q7567782,South Lakes Safari Zoo,Lindal in Furness,Lindal in Furness,United Kingdom,54.1666,-3.1686,Q7567782,Wikidata
Q7421103,Sapporo Maruyama Zoo,Maruyama Park,Miyagaoka,Japan,43.051438,141.307405,Q7421103,Wikidata
Q6980955,Nature and Raptor Center of Pueblo,Colorado,Colorado,United States,38.2715,-104.678,Q6980955,Wikidata
Q7231872,Portland Aquarium,Oregon,Oregon,United States,45.405,-122.624,Q7231872,Wikidata
Q7139644,Parque Lecocq,Municipality A,Municipality A,Uruguay,-34.7918,-56.33427,Q7139644,Wikidata
Q7082160,Oklahoma City Zoo and Botanical Garden,Oklahoma City,Oklahoma City,United States,35.5212,-97.4724,Q7082160,Wikidata
Q7243193,Primate Rescue Center,Kentucky,Kentucky,United States,37.8461,-84.6385,Q7243193,Wikidata
Q7487448,Shambala Preserve,California,California,United States,34.4403,-118.252,Q7487448,Wikidata
Q7235282,Potter Park Zoo,Lansing,Lansing,United States,42.7177,-84.5284,Q7235282,Wikidata
Q7229127,Popcorn Park Zoo,New Jersey,New Jersey,United States,39.91,-74.327,Q7229127,Wikidata
Q7619047,Stone Zoo,Massachusetts,Massachusetts,United States,42.463,-71.0929,Q7619047,Wikidata
Q7314355,Reptilia,Vaughan,Vaughan,Canada,43.8333,-79.5207,Q7314355,Wikidata
Q7256608,"Pt. G.B. Pant High Altitude Zoo, Nainital",,,India,29.381,79.469,Q7256608,Wikidata
Q7600493,Stapp's Circle S Ranch,Indiana,Indiana,United States,39.3201,-85.3901,Q7600493,Wikidata
Q7419252,Santa Barbara Zoo,Santa Barbara County,Santa Barbara County,United States,34.4194,-119.665,Q7419252,Wikidata
Q7586332,Sri Venkateswara Zoological Park,,,India,13.6249,79.3646,Q7586332,Wikidata
Q7581928,Squam Lakes Natural Science Center,New Hampshire,New Hampshire,United States,43.7339,-71.5894,Q7581928,Wikidata
Q7082106,Oklahoma Aquarium,Oklahoma,Oklahoma,United States,36.0195,-95.9572,Q7082106,Wikidata
Q7136381,Parc Safari,Hemmingford,Hemmingford,Canada,45.0417,-73.525,Q7136381,Wikidata
Q7438666,Scovill Zoo,Illinois,Illinois,United States,39.8289,-88.9067,Q7438666,Wikidata
Q7023514,Niabi Zoo,Illinois,Illinois,United States,41.4427,-90.4339,Q7023514,Wikidata
Q7419512,Santa Fe College Teaching Zoo,Florida,Florida,United States,29.6819,-82.4382,Q7419512,Wikidata
Q7419178,Santa Ana Zoo,California,California,United States,33.742657,-117.843196,Q7419178,Wikidata
Q7294528,Rare Species Conservation Centre,Dover,Dover,United Kingdom,51.2611,1.32694,Q7294528,Wikidata
Q7639072,Suncor Energy Fluvarium,,,Canada,47.5798,-52.7326,Q7639072,Wikidata
Q7337785,River Wonders,Central Water Catchment,Central Water Catchment,Singapore,1.403873,103.790744,Q7337785,Wikidata
Q7058075,Northeastern Wisconsin Zoo,Wisconsin,Wisconsin,United States,44.6607,-88.0898,Q7058075,Wikidata
Q7398401,Safari Zoo Camp,Ontario,Ontario,Canada,43.9936,-78.6078,Q7398401,Wikidata
Q7306556,Ree Park – Ebeltoft Safari,Syddjurs Municipality,Syddjurs Municipality,Denmark,56.2635,10.7368,Q7306556,Wikidata
Q7661113,Symbio Wildlife Park,New South Wales,New South Wales,Australia,-34.2048,150.968,Q7661113,Wikidata
Q7695556,Tel Aviv Zoo,Tel Aviv,Tel Aviv,Israel,32.0825,34.7805,Q7695556,Wikidata
Q7570986,Southport Zoo,Sefton,Sefton,United Kingdom,53.651,-3.015,Q7570986,Wikidata
Q7101134,Oregon Coast Aquarium,Oregon,Oregon,United States,44.6178,-124.047,Q7101134,Wikidata
Q7566553,South Carolina Aquarium,Charleston,Charleston,United States,32.79111111,-79.92555556,Q7566553,Wikidata
Q7571457,Southwick's Zoo,Massachusetts,Massachusetts,United States,42.0646,-71.5849,Q7571457,Wikidata
Q6979418,Bristol Zoo Project,Almondsbury,Almondsbury,United Kingdom,51.5296,-2.61601,Q6979418,Wikidata
Q7136009,Parassinikkadavu Snake Park,,,India,11.9902,75.3893,Q7136009,Wikidata
Q7292958,"Rani Bagh, Hyderabad",,,Pakistan,25.38223,68.34305,Q7292958,Wikidata
Q6964984,Naples Zoo,Florida,Florida,United States,26.1682,-81.7907,Q6964984,Wikidata
Q7452551,Sequoia Park Zoo,California,California,United States,40.777,-124.145,Q7452551,Wikidata
Q7359136,Roger Williams Park Zoo,Rhode Island,Rhode Island,United States,41.7899,-71.4163,Q7359136,Wikidata
Q7304877,Red River Zoo,North Dakota,North Dakota,United States,46.8462,-96.8531,Q7304877,Wikidata
Q7132469,Papanack Park Zoo,Alfred and Plantagenet,Alfred and Plantagenet,Canada,45.5595,-75.1205,Q7132469,Wikidata
Q7445269,Sedgwick County Zoo,Wichita,Wichita,United States,37.7158,-97.4104,Q7445269,Wikidata
Q7205466,Plumpton Park Zoo,Maryland,Maryland,United States,39.7042,-76.0015,Q7205466,Wikidata
Q7680645,Taman Safari Indonesia,,,Indonesia,-6.716666666,106.95,Q7680645,Wikidata
Q7208007,Point Defiance Zoo & Aquarium,Washington,Washington,United States,47.3048,-122.521,Q7208007,Wikidata
Q7139676,Parque Zoológico Caricuao,Caricuao (Parish),Caricuao (Parish),Venezuela,10.430722222,-66.967722222,Q7139676,Wikidata
Q7423241,Sarasota Jungle Gardens,Sarasota,Sarasota,United States,27.367934829,-82.556280497,Q7423241,Wikidata
Q7081785,Okanagan Game Farm,,,Canada,49.400555555,-119.608611111,Q7081785,Wikidata
Q8033549,Woodward's Gardens,San Francisco,San Francisco,United States,37.768,-122.421,Q8033549,Wikidata
Q7785508,Thiruvananthapuram Zoo,,,India,8.51173,76.955,Q7785508,Wikidata
Q10395321,Parque Municipal Danilo Galafassi,Cascavel,Cascavel,Brazil,,,Q10395321,Wikidata
Q7756167,Chehaw Park,Albany,Albany,United States,31.6176,-84.1381,Q7756167,Wikidata
Q9097837,Zoológico de San Juan de Aragón,Gustavo A. Madero,Gustavo A. Madero,Mexico,19.461388888,-99.083333333,Q9097837,Wikidata
Q10306230,Rio de Janeiro Zoological Garden,Rio de Janeiro,Rio de Janeiro,Brazil,-22.90444444,-43.22944444,Q10306230,Wikidata
Q9143242,Akcent Zoo in Białystok,Białystok,Białystok,Poland,53.1211,23.1647,Q9143242,Wikidata
Q8055765,Yorkshire Wildlife Park,Doncaster,Doncaster,United Kingdom,53.5047,-1.0417,Q8055765,Wikidata
Q7990098,Wetheriggs Zoo and Animal Sanctuary,Greta Bridge,Greta Bridge,United Kingdom,54.632,-2.693,Q7990098,Wikidata
Q7745231,The Lair,Queensland,Queensland,Australia,-27.8648,153.317,Q7745231,Wikidata
Q7776908,The Zoo In Forest Park,Rhode Island,Rhode Island,United States,41.7899,-71.4163,Q7776908,Wikidata
Q7883060,UnderWater World Guam,,,United States,13.515,144.806,Q7883060,Wikidata
Q8033330,Woodside Farm and Wildfowl Park,Slip End,Slip End,United Kingdom,51.849077,-0.446658,Q8033330,Wikidata
Q10323617,Mangal das Garças,Belém,Belém,Brazil,-1.465031,-48.505697,Q10323617,Wikidata
Q7934671,Virginia Zoological Park,ノーフォーク,ノーフォーク,United States,36.8786,-76.2774,Q7934671,Wikidata
Q9391982,Świerkocin Zoo Safari,"Świerkocin, Lubusz Voivodeship","Świerkocin, Lubusz Voivodeship",Poland,52.6622,14.9922,Q9391982,Wikidata
Q10345158,Parque Jacarandá,Uberaba,Uberaba,Brazil,-19.7351135,-47.943584,Q10345158,Wikidata
Q9662083,Bosque dos Jequitibás,Campinas,Campinas,Brazil,-22.90870556,-47.04944722,Q9662083,Wikidata
Q8031923,Wonders of Wildlife Museum & Aquarium,Springfield,Springfield,United States,37.1814,-93.2965,Q8031923,Wikidata
Q7844168,Tristate Zoological Park,Cumberland,Cumberland,United States,39.6636,-78.7149,Q7844168,Wikidata
Q7853507,Tupelo Buffalo Park and Zoo,Mississippi,Mississippi,United States,34.2869,-88.7687,Q7853507,Wikidata
Q7798287,Thrissur Zoo,,,India,10.53,76.2228,Q7798287,Wikidata
Q7700014,Tennessee Aquarium,Tennessee,Tennessee,United States,35.0557,-85.3108,Q7700014,Wikidata
Q9011010,Curitiba Zoo,São José dos Pinhais,São José dos Pinhais,Brazil,-25.56055556,-49.23527778,Q9011010,Wikidata
Q8546991,ZOO Dvorec,Dvorec,Dvorec,Czech Republic,48.8732,14.6546,Q8546991,Wikidata
Q9097825,Islamabad Zoo,,,Pakistan,33.73429722,73.05911389,Q9097825,Wikidata
Q9086260,Terra Natura Benidorm,Benidorm,Benidorm,Spain,38.569727777,-0.143572222,Q9086260,Wikidata
Q8553030,Zoo Hluboka,Hluboká nad Vltavou,Hluboká nad Vltavou,Czech Republic,49.0414,14.4228,Q8553030,Wikidata
Q9833051,Zoológico de Americana,Americana,Americana,Brazil,,,Q9833051,Wikidata
Q10541464,Junsele Zoo,Junsele,Sollefteå Municipality,Sweden,63.6979,16.8588,Q10541464,Wikidata
Q7934109,Virginia Aquarium,Virginia,Virginia,United States,36.821,-75.9838,Q7934109,Wikidata
Q8036586,World of Birds Wildlife Sanctuary and Monkey Park,,,South Africa,-34.0175,18.3625,Q8036586,Wikidata
Q7934386,Virginia Living Museum,Virginia,Virginia,United States,37.0546,-76.4887,Q7934386,Wikidata
Q7881537,Umgeni River Bird Park,,,South Africa,-29.8082,31.0167,Q7881537,Wikidata
Q8001337,Wildlife World Zoo,Litchfield Park,Arizona,United States,33.549,-112.413,Q8001337,Wikidata
Q7918400,Vehari Wildlife Park,,,Pakistan,30.0374,72.3503,Q7918400,Wikidata
Q9344120,Poznań Old Zoo,Poznań,Poznań,Poland,52.40813,16.9049,Q9344120,Wikidata
Q9055836,Parque Municipal Summit,Ancón,Ancón,Panama,9.066161,-79.6455574,Q9055836,Wikidata
Q7845760,"Tropical Birdland, Leicestershire",Desford,Desford,United Kingdom,52.631,-1.297,Q7845760,Wikidata
Q9097813,Zoo de Lourosa,Lourosa,Lourosa,Portugal,40.995,-8.54694444,Q9097813,Wikidata
Q9097845,Zoomarine,,,Portugal,37.126807581,-8.314214335,Q9097845,Wikidata
Q8001338,Wildlife West Nature Park,New Mexico,New Mexico,United States,35.0739,-106.204,Q8001338,Wikidata
Q8074067,Taiping Zoo,,,Malaysia,4.85389,100.733,Q8074067,Wikidata
Q7824820,Topeka Zoo,Topeka,Topeka,United States,39.0569,-95.7259,Q7824820,Wikidata
Q10345408,Parque Zoológico do Rio Grande do Sul,Sapucaia do Sul,Sapucaia do Sul,Brazil,,,Q10345408,Wikidata
Q7985928,West Midland Safari Park,Worcestershire,Worcestershire,United Kingdom,52.3755,-2.28825,Q7985928,Wikidata
Q7843680,Tripoli Zoo,,,Libya,32.8586,13.1789,Q7843680,Wikidata
Q7859688,Tyavarekoppa Lion and Tiger Safari,Shimoga district,Shimoga district,India,13.973863069,75.49398838,Q7859688,Wikidata
Q9097833,Pueblo Zoo,Colorado,Colorado,United States,38.2617,-104.658,Q9097833,Wikidata
Q7731760,The Elephant Sanctuary Hartbeespoort Dam,Hartbeespoort,Hartbeespoort,South Africa,-25.7216,27.8075,Q7731760,Wikidata
Q9251671,Exotarium Sosnowiec,Sosnowiec,Sosnowiec,Poland,50.283078,19.104877,Q9251671,Wikidata
Q7774965,The Wilds,Muskingum County,Muskingum County,United States,39.829444444,-81.732777777,Q7774965,Wikidata
Q8046515,Yadanabon Zoological Gardens,Mandalay,Mandalay,Myanmar,22.006,96.1,Q8046515,Wikidata
Q8028978,Woburn Safari Park,Woburn,Woburn,United Kingdom,52.005,-0.589,Q8028978,Wikidata
Q9097826,Jinan Zoo,Tianqiao District,Tianqiao District,People's Republic of China,36.67485,117.01755,Q9097826,Wikidata
Q7731759,The Elephant Sanctuary,Tennessee,Tennessee,United States,35.548316,-87.550925,Q7731759,Wikidata
Q10500251,Furuviksparken,Furuvik,Gävle Municipality,Sweden,60.65138889,17.33277778,Q10500251,Wikidata
Q8073236,Zodiac Zoos,,,Netherlands,,,Q8073236,Wikidata
Q7849674,Botanical and Zoological Garden of Tsimbazaza,Antananarivo,Antananarivo,Madagascar,-18.93,47.5261,Q7849674,Wikidata
Q9086261,Terra Natura Murcia,Murcia,Murcia,Spain,38.011148,-1.164892,Q9086261,Wikidata
Q8074029,ZooMontana,Billings,Montana,United States,45.7315,-108.623,Q8074029,Wikidata
Q8022394,Willowbank Wildlife Reserve,,,New Zealand,-43.4628,172.594,Q8022394,Wikidata
Q7708017,Texas State Aquarium,Texas,Texas,United States,27.813716,-97.392113,Q7708017,Wikidata
Q10345406,Parque Zoobotânico de Teresina,Teresina,Teresina,Brazil,-5.0404,-42.7748,Q10345406,Wikidata
Q8214801,San Antonio Zoo,Texas,Texas,United States,29.4648,-98.4719,Q8214801,Wikidata
Q8074096,Zoodoo Wildlife Park,Tasmania,Tasmania,Australia,-42.7057,147.376,Q8074096,Wikidata
Q7747873,The Living Planet Aquarium,Draper,Draper,United States,40.532222222,-111.893888888,Q7747873,Wikidata
Q10395314,Simba Safari,São Paulo,São Paulo,Brazil,-23.654333333,-46.615722222,Q10395314,Wikidata
Q10564453,長隆夜間動物世界,,,People's Republic of China,,,Q10564453,Wikidata
Q9385870,European bison sanctuary in Wolin National Park,Gmina Międzyzdroje,Gmina Międzyzdroje,Poland,53.9333,14.4833,Q9385870,Wikidata
Q8001334,Wildlife WayStation,Los Angeles County,Los Angeles County,United States,34.331389,-118.344444,Q8001334,Wikidata
Q8032871,Woodland Park Zoo,Seattle,Seattle,United States,47.66834,-122.34984,Q8032871,Wikidata
Q10499804,Frösö Zoo,,,Sweden,63.1937,14.58098333,Q10499804,Wikidata
Q7988117,Western North Carolina Nature Center,North Carolina,North Carolina,United States,35.5796,-82.4943,Q7988117,Wikidata
Q7913465,Van Kleef Aquarium,,,Singapore,1.29288889,103.84519444,Q7913465,Wikidata
Q7856369,Turtle Back Zoo,New Jersey,New Jersey,United States,40.7675,-74.2819,Q7856369,Wikidata
Q8001320,Wildlife Safari,Oregon,Oregon,United States,43.1417,-123.426,Q8001320,Wikidata
Q7883058,Sea Life Sunshine Coast,Queensland,Queensland,Australia,-26.6828,153.121,Q7883058,Wikidata
Q9011004,Zoological Garden of Belo Horizonte,Belo Horizonte,Belo Horizonte,Brazil,-19.85972222,-44.01055556,Q9011004,Wikidata
Q8210478,Avifauna,Q20544839,Q20544839,Spain,43.0533134,-7.6917188,Q8210478,Wikidata
Q7846248,Tropiquaria,Taunton,Taunton,United Kingdom,51.1609,-3.3489,Q7846248,Wikidata
Q8079417,Ústí nad Labem Zoo,Ústí nad Labem,Ústí nad Labem,Czech Republic,50.6641,14.0612,Q8079417,Wikidata
Q7777314,Theater of the Sea,,,United States,24.9446,-80.6037,Q7777314,Wikidata
Q10306228,Zoológico de Goiânia,Goiânia,Goiânia,Brazil,-16.683248,-49.271935,Q10306228,Wikidata
Q7747862,The Living Rainforest,Hampstead Norreys,Hampstead Norreys,United Kingdom,51.4813,-1.22078,Q7747862,Wikidata
Q8074133,Zoológico Miguél Álvarez del Toro,Tuxtla Gutiérrez,Tuxtla Gutiérrez,Mexico,16.7254,-93.0935,Q8074133,Wikidata
Q8074054,Zoo León,León de Los Aldama,León de Los Aldama,Mexico,21.1112,-101.66,Q8074054,Wikidata
Q8000702,Wild Kingdom Train Zoo,Farmington,Farmington,United States,40.9834,-111.892,Q8000702,Wikidata
Q10563866,Chongqing Zoo,Chongqing,Chongqing,People's Republic of China,29.503,106.506,Q10563866,Wikidata
Q10306226,Zoológico de Brasília,Brasília,Brasília,Brazil,-15.847222222,-47.940277777,Q10306226,Wikidata
Q7981946,Welsh Mountain Zoo,Colwyn Bay,Colwyn Bay,United Kingdom,53.2939,-3.7479,Q7981946,Wikidata
Q7984796,West Coast Game Park Safari,Oregon,Oregon,United States,43.01,-124.415,Q7984796,Wikidata
Q7981545,Wellington Zoo,Wellington town belt,Wellington Region,New Zealand,-41.3225,174.785,Q7981545,Wikidata
Q7986920,West Virginia State Wildlife Center,West Virginia,West Virginia,United States,38.8553,-80.3114,Q7986920,Wikidata
Q9097841,Shoushan Zoo,Gushan District,Gushan District,Taiwan,22.63461,120.27495,Q9097841,Wikidata
Q7850623,Tuan Chau Aquarium,,,Vietnam,20.9277,106.991,Q7850623,Wikidata
Q7972118,Washington Park Zoo,Indiana,Indiana,United States,41.725278,-86.900953,Q7972118,Wikidata
Q8000710,Wild Life Sydney,New South Wales,New South Wales,Australia,-33.8698,151.202,Q8000710,Wikidata
Q8025221,Wingham Wildlife Park,Wingham,Wingham,United Kingdom,51.2799,1.2281,Q8025221,Wikidata
Q130365128,Kanan Pendari Zoo,Takhatpur tehsil,Takhatpur tehsil,India,22.112,82.062,Q130365128,Wikidata
Q123195444,CENTRAL AFRICAN SHINO WILDLIFE PARK,Neicuo Town,Neicuo Town,People's Republic of China,,,Q123195444,Wikidata
Q121363982,Zoológico de Ilha Solteira,Ilha Solteira,Ilha Solteira,Brazil,-20.416391666,-51.328977777,Q121363982,Wikidata
Q133805908,Dartmoor Otters & Buckfast Butterflies,Buckfastleigh,Buckfastleigh,United Kingdom,50.4818865,-3.767237,Q133805908,Wikidata
Q132718420,Happy Rolph's Animal Farm,,,,,,Q132718420,Wikidata
Q126883523,Mazotos Camel Park,Mazotos,Mazotos,Cyprus,34.80006,33.50753,Q126883523,Wikidata
Q134617498,Buenos Aires Zoo,Buenos Aires,Buenos Aires,Argentina,-34.580972222,-58.42,Q134617498,Wikidata
Q125103255,Mini-Zoo,Moravian Gate Arboretum,Obora,Poland,50.0987514,18.2655325,Q125103255,Wikidata
Q134250511,Terrarium at Sofia Zoo,Sofia Zoo,Sofia,Bulgaria,42.660113759,23.330910888,Q134250511,Wikidata
Q128015910,Sayaji Baug Zoo,Gujarat,Gujarat,India,,,Q128015910,Wikidata
Q121094903,Zoobotanic Park of Brusque,Brusque,Brusque,Brazil,-27.09428,-48.92302,Q121094903,Wikidata
Q130240731,AgouaLand,Togba,Togba,Benin,6.4806957,2.2951269,Q130240731,Wikidata
Q125564539,parc polaire,Chaux-Neuve,Chaux-Neuve,France,,,Q125564539,Wikidata
Q123765154,Natural Bridge Zoo,Virginia,Virginia,United States,37.644916666,-79.532916666,Q123765154,Wikidata
Q130603983,Tiergarten am Schüttel,Vienna,Vienna,Austria,48.212434,16.396261,Q130603983,Wikidata
Q125472205,Parco zoo di Falconara,Falconara Marittima,Falconara Marittima,Italy,,,Q125472205,Wikidata
Q118418235,OstrichLand USA,California,California,United States,34.607168,-120.176573,Q118418235,Wikidata
Q123698724,Bioparque Estrella México,Chapa de Mota Municipality,Chapa de Mota Municipality,Mexico,19.929459228,-99.663333913,Q123698724,Wikidata
Q126171930,Q126171930,,,Belgium,,,Q126171930,Wikidata
Q131357077,ZOO on Donetsk metallurgical plant,Donetsk Metallurgical Plant,Donetsk,,,,Q131357077,Wikidata
Q128903901,Q128903901,Q56414056,Q56414056,Czech Republic,50.1283419,14.7347039,Q128903901,Wikidata
Q128034611,Jungle Mahal Zoological Park,Jhargram subdivision,Jhargram subdivision,India,22.448897,87.020327,Q128034611,Wikidata
Q130252641,Axe Valley Wildlife Park,Kilmington,Kilmington,United Kingdom,50.779783333,-3.025088888,Q130252641,Wikidata
Q134425513,Tiergehege am Goldenen Stern,Oederan,Oederan,Germany,50.875460082,13.206757307,Q134425513,Wikidata
Q122880521,Karakol Zoological Park,Karakol,Karakol,Kyrgyzstan,,,Q122880521,Wikidata
Q126616291,Reptilarium du Larzac,Sainte-Eulalie-de-Cernon,Sainte-Eulalie-de-Cernon,France,43.983638888,3.137991666,Q126616291,Wikidata
Q123617553,Arak Zoo,Arak,Arak County,Iran,34.0685,49.75625,Q123617553,Wikidata
Q133894517,Q133894517,Banjarmasin,Banjarmasin,Indonesia,-3.308076558,114.603499608,Q133894517,Wikidata
Q130059294,青岛动物园,,,People's Republic of China,,,Q130059294,Wikidata
Q128033608,Pradyuman Park,Gujarat,Gujarat,India,,,Q128033608,Wikidata
Q122800638,Tierpark Finsterwalde,Finsterwalde,Finsterwalde,Germany,51.632781,13.69495,Q122800638,Wikidata
Q133454623,Q133454623,Hradec Králové,Hradec Králové,Czech Republic,50.2040683,15.8186353,Q133454623,Wikidata
Q124286095,Brantford Twin Valley Zoo,Ontario,Ontario,Canada,,,Q124286095,Wikidata
Q135420902,Makurdi Zoo,Markurdi,Benue State,Nigeria,7.730599978,8.562046057,Q135420902,Wikidata
Q127425278,Natal Lion Park,Mkhambathini Local Municipality,Mkhambathini Local Municipality,South Africa,-29.64580815,30.530372,Q127425278,Wikidata
Q132588856,Zeister Dierenpark,Zeist,Zeist,Netherlands,,,Q132588856,Wikidata
Q122984293,Escher Déierepark,Gaalgebierg,Esch-sur-Alzette,Luxembourg,49.482722222,5.984944444,Q122984293,Wikidata
Q131357115,Zoo in Prydorozhne village,Prydorozhnie,Prydorozhnie,,47.85685,37.960057,Q131357115,Wikidata
Q121435022,Zoo de Martinique,Martinique,Martinique,France,14.731679,-61.1759,Q121435022,Wikidata
Q123336268,Wildlife Habitat Port Douglas,Queensland,Queensland,Australia,-16.525899722,145.463691388,Q123336268,Wikidata
Q125556615,Q125556615,Kandahar,Kandahar,Afghanistan,31.61335,65.57768,Q125556615,Wikidata
Q120715772,Shiraz Zoo,Zarqan Rural District,Zarqan Rural District,Iran,29.764638888,52.662972222,Q120715772,Wikidata
Q130478436,Am Schüttel,Vienna,Vienna,Austria,48.206514,16.397969,Q130478436,Wikidata
Q131630099,Miller Zoo,Frampton,Frampton,Canada,46.510053,-70.825317,Q131630099,Wikidata
Q125847232,Ubon Zoo,Ubon Ratchathani,Ubon Ratchathani,Thailand,15.283941666,104.807688888,Q125847232,Wikidata
Q130686783,Falkenstein National Park Centre,Ludwigsthal,Lindberg,Germany,49.06,13.242777777,Q130686783,Wikidata
Q118133001,Jardim Zoológico da Universidade de Caxias do Sul,Rio Grande do Sul,Rio Grande do Sul,Brazil,,,Q118133001,Wikidata
Q131337568,Le Jardin des Bêtes,,,France,44.393608089,2.691248434,Q131337568,Wikidata
Q123339719,Something Wild Wildlife Sanctuary,Tasmania,Tasmania,Australia,-42.680116203,146.746752218,Q123339719,Wikidata
Q131412803,Giraffe House,Stellenbosch Local Municipality,Stellenbosch Local Municipality,South Africa,-33.8291,18.7991,Q131412803,Wikidata
Q134414121,Tierpark Greifswald,Greifswald,Greifswald,Germany,54.0975,13.370833333,Q134414121,Wikidata
Q131293881,Dream Village,Sidi Moussa El Majdoub,Sidi Moussa El Majdoub,Morocco,33.620606,-7.379564,Q131293881,Wikidata
Q125472325,Parco Zoo Giovo Ligure,Giovo Ligure,Pontinvrea,Italy,44.439197222,8.441002777,Q125472325,Wikidata
Q130612674,Lowcountry Zoo,Murrells Inlet,Murrells Inlet,United States,,,Q130612674,Wikidata
Q127473371,Tierpark Walldorf,Walldorf,Walldorf,Germany,49.3147,8.633611111,Q127473371,Wikidata
Q130596684,EcoZonia,Cases-de-Pène,Cases-de-Pène,France,42.786666666,2.772069444,Q130596684,Wikidata
Q124165556,Alpine Wildlife Park Pfänder,Lochau,Lochau,Austria,47.50659,9.7789,Q124165556,Wikidata
Q119475135,Bonorong Wildlife Sanctuary,Brighton,Brighton Council,Australia,-42.708663996,147.271153749,Q119475135,Wikidata
Q124361484,Zoo das Aves,Poços de Caldas,Poços de Caldas,Brazil,-21.7828285,-46.6243163,Q124361484,Wikidata
Q127386415,Wing's Wildlife Park,Tasmania,Tasmania,Australia,-41.262893977,146.045641108,Q127386415,Wikidata
Q130418270,Animália Park,Cotia,Cotia,Brazil,,,Q130418270,Wikidata
Q118479876,The Reptile Zoo,,,United States,33.689946,-117.953338,Q118479876,Wikidata
Q131911098,霞ヶ浦どうぶつとみんなのいえ,Namegata,Namegata,Japan,36.096611111,140.402944444,Q131911098,Wikidata
Q120499999,Donjon des aigles,Beaucens,Beaucens,France,42.9721534,-0.0598554,Q120499999,Wikidata
Q124056632,Tier- und Naturfreunde Schwanenteich,Sinzig,Sinzig,Germany,50.548922,7.228339,Q124056632,Wikidata
Q124650480,Willow's Birds of Prey & Wildlife Trail,Knockholt,Knockholt,United Kingdom,51.315572677,0.115539947,Q124650480,Wikidata
Q123365108,Q123365108,Marabá,Marabá,Brazil,-5.386346857,-49.066669936,Q123365108,Wikidata
Q124526460,Letzenbergtierpark Malsch,Malsch,Malsch,Germany,49.24283,8.68769,Q124526460,Wikidata
Q130706064,Q130706064,Vaux-sur-Sûre,Vaux-sur-Sûre,Belgium,49.935833,5.566944,Q130706064,Wikidata
Q122827791,Q122827791,Masnedø,Vordingborg Municipality,Denmark,54.9903,11.8862,Q122827791,Wikidata
Q125961779,Lemur Island,Alaotra-Mangoro,Alaotra-Mangoro,Madagascar,-18.889,48.43046,Q125961779,Wikidata
Q130538413,Pearl Coast Zoological Gardens,Western Australia,Western Australia,Australia,-17.9329,122.2193,Q130538413,Wikidata
Q118368472,Bird Garden,Kereki,Kereki,Hungary,46.797372,17.911482,Q118368472,Wikidata
Q131843494,Poznań Zoo,Poznań,Poznań,Poland,,,Q131843494,Wikidata
Q123162540,Tiger Kingdom Phuket,Phuket,Phuket,Thailand,7.90708,98.33006,Q123162540,Wikidata
Q122181417,Islamabad Zoo cum Botanical Garden,Islamabad,Islamabad,Pakistan,,,Q122181417,Wikidata
Q123823450,Mellat Park Zoo,District 3,District 3,Iran,35.778694444,51.408638888,Q123823450,Wikidata
Q122639402,Butterfly Creek,Auckland Region,Auckland Region,New Zealand,-36.9994,174.7947,Q122639402,Wikidata
Q122362958,Reino Animal,Otumba Municipality,Otumba Municipality,Mexico,19.670165713,-98.818476142,Q122362958,Wikidata
Q135178163,National Reptile Zoo,Kilkenny,Kilkenny,,52.65565,-7.23128,Q135178163,Wikidata
Q123615642,Midbarium,,,Israel,31.26,34.745,Q123615642,Wikidata
Q120964441,九九峰動物樂園,Caotun Township,Caotun Township,Taiwan,,,Q120964441,Wikidata
Q127985773,Nahargarh Biological Park,Rajasthan,Rajasthan,India,,,Q127985773,Wikidata
Q135488699,Tier-Erlebnispark Bell,Bell,Bell,Germany,50.1014,7.4221,Q135488699,Wikidata
Q121629424,Q121629424,,,,,,Q121629424,Wikidata
Q131317953,Yanacocha Animal Rescue Centre,Pastaza Canton,Pastaza Canton,Ecuador,-1.460532,-77.987703,Q131317953,Wikidata
Q123503730,Tatzmania Löffingen,Löffingen,Löffingen,Germany,47.9037,8.3424,Q123503730,Wikidata
Q125954443,Butterfly Conservatory,,,Costa Rica,10.42375,-84.75265,Q125954443,Wikidata
Q124156607,Aikman Wildlife Adventure,Arcola,Arcola,United States,39.67126,-88.38863,Q124156607,Wikidata
Q130390864,Ziniaré Animal Park,Ziniaré,,Burkina Faso,,,Q130390864,Wikidata
Q124363026,Q124363026,Častolovice,Častolovice,Czech Republic,50.1316647,16.1879531,Q124363026,Wikidata
Q135004110,Zambi Wildlife Retreat,New South Wales,New South Wales,Australia,-33.869722222,150.67,Q135004110,Wikidata
Q130746173,Meli Meise,Grimbergen,Grimbergen,Belgium,50.919367,4.339364,Q130746173,Wikidata
Q11262347,Obihiro Zoo,Midorigaoka Park,Obihiro,Japan,42.902083333,143.184638888,Q11262347,Wikidata
Q11339218,こもれび森のイバライド,Inashiki,Inashiki,Japan,35.940417,140.269694,Q11339218,Wikidata
Q10861319,Zlín-Lešná Zoo,Zlín,Zlín,Czech Republic,49.2722,17.715,Q10861319,Wikidata
Q11506354,Nihon Kamoshika Sentā,,,Japan,35.019444,136.4225,Q11506354,Wikidata
Q11435011,Ōsaki Park,Ōsaki,Ōsaki,Japan,35.88433333,139.71427778,Q11435011,Wikidata
Q11516054,月岡動物園,,,Japan,37.880417,139.314361,Q11516054,Wikidata
Q11259212,Ishikawa Zoo,Nomi,Nomi,Japan,36.433627777,136.545402777,Q11259212,Wikidata
Q11434398,Ōmiya Park Zoo,Ōmiya Park,Takahanachō,Japan,35.919022,139.630819,Q11434398,Wikidata
Q11405998,Chiba Zoological Park,Minamotochō,Minamotochō,Japan,35.645,140.127,Q11405998,Wikidata
Q11346676,Rakutenchi,Beppu,Beppu,Japan,33.275167,131.481333,Q11346676,Wikidata
Q11102420,Hangzhou Zoo,,,People's Republic of China,30.2137,120.1337,Q11102420,Wikidata
Q10860225,Inokashira Park Zoo,Tokyo,Tokyo,Japan,35.700833,139.57275,Q10860225,Wikidata
Q11452193,定山渓熊牧場,,,Japan,42.940833,141.127806,Q11452193,Wikidata
Q11489818,徳島市総合動植物公園,Tokushima,Tokushima,Japan,34.013888888,134.520833333,Q11489818,Wikidata
Q11380531,Izu Shaboten Zoo,Ito,Ito,Japan,34.9072,139.101,Q11380531,Wikidata
Q11431697,Yumemigasaki Zoological Park,Saiwai-ku,Saiwai-ku,Japan,35.549139,139.665194,Q11431697,Wikidata
Q11561559,渋川動物公園,,,Japan,34.470136,133.893686,Q11561559,Wikidata
Q11437769,Omuta City Zoo,Ōmuta-shi,Ōmuta-shi,Japan,,,Q11437769,Wikidata
Q11447486,Himeji City Zoo,Himeji Park,Himeji,Japan,34.83675,134.694166666,Q11447486,Wikidata
Q11416862,Tokuyama Zoo,Shūnan-shi,Shūnan-shi,Japan,34.061417,131.814861,Q11416862,Wikidata
Q11456382,Toyama Municipal Family Park Zoo,Toyama,Toyama,Japan,36.690861,137.148222,Q11456382,Wikidata
Q11480016,Ichihara Elephant Kingdom,Ichihara,Ichihara,Japan,35.354778,140.182361,Q11480016,Wikidata
Q11062008,Guangzhou Zoo,Guangzhou,Guangzhou,People's Republic of China,23.14469444,113.29980833,Q11062008,Wikidata
Q11480258,Ichikawa Zoological & Botanical Garden,Ichikawa,Ichikawa,Japan,35.764778,139.965219,Q11480258,Wikidata
Q11508065,Shizuoka Municipal Nihondaira Zoo,Suruga-ku,Suruga-ku,Japan,34.98,138.440278,Q11508065,Wikidata
Q10620444,Parken Zoo,Eskilstuna Municipality,Eskilstuna Municipality,Sweden,59.37333333,16.48222222,Q10620444,Wikidata
Q11537258,Kiryū-ga-oka Park,Miyamoto-chō,Miyamoto-chō,Japan,36.42372222,139.341,Q11537258,Wikidata
Q11454261,Miyazaki City Phoenix Zoo,Miyazaki,Miyazaki,Japan,31.9825,131.47883333,Q11454261,Wikidata
Q10902457,Beijing Wildlife Park,Yufa,Yufa,People's Republic of China,39.496618,116.333696,Q10902457,Wikidata
Q11590062,Kobe Oji Zoo,Ōji-chō,Ōji-chō,Japan,34.71,135.214444,Q11590062,Wikidata
Q11610196,Hamura Zoo,Hamura,Hamura,Japan,35.765984782,139.328824545,Q11610196,Wikidata
Q11595312,Akita City Ōmoriyama Zoo,Ōmoriyama Park,Akita,Japan,39.67215,140.07738333,Q11595312,Wikidata
Q11124472,Wuhan Zoo,,,People's Republic of China,,,Q11124472,Wikidata
Q11463797,小豆島孔雀園,,,Japan,34.478611,134.220278,Q11463797,Wikidata
Q11526061,Okazaki City Higashi Park,Okazaki,Okazaki,Japan,34.95302778,137.19188889,Q11526061,Wikidata
Q11552583,Okinawa Zoo & Museum,Okinawa,Okinawa,Japan,26.327833,127.803417,Q11552583,Wikidata
Q11297466,Kuranda Koala Gardens,Kuranda,Kuranda,Australia,-16.819233,145.632858,Q11297466,Wikidata
Q11167193,Mini Zoo,Klaipėda,,Lithuania,,,Q11167193,Wikidata
Q11581372,Morioka Zoo,Morioka,Morioka,Japan,39.69696,141.19,Q11581372,Wikidata
Q10571242,Lycksele Zoo,,,Sweden,64.582,18.664,Q10571242,Wikidata
Q11281997,Wanpark Kochi Animal Land,Kōchi-shi,Kōchi-shi,Japan,33.542181,133.557014,Q11281997,Wikidata
Q11304942,サニーワールド長島,,,Japan,,,Q11304942,Wikidata
Q11317162,ダチョウ王国,,,Japan,,,Q11317162,Wikidata
Q11317161,ダチョウらんど,,,Japan,,,Q11317161,Wikidata
Q11380529,Izu Animal Kingdom,Inatori,Inatori,Japan,34.797083,139.039528,Q11380529,Wikidata
Q10861313,Olomouc Zoo,Olomouc,Olomouc,Czech Republic,49.6339,17.3425,Q10861313,Wikidata
Q11343133,ムツゴロウ動物王国,,,Japan,,,Q11343133,Wikidata
Q10861305,Brno Zoo,Brno-Bystrc,Brno-Bystrc,Czech Republic,49.2301,16.5334,Q10861305,Wikidata
Q10856998,Chleby Zoo,Chleby,Chleby,Czech Republic,50.2225,15.0917,Q10856998,Wikidata
Q11551743,Ikeda Zoo,Kita-ku,Kita-ku,Japan,34.674722,133.905278,Q11551743,Wikidata
Q11273093,Tokushima Zoo,Tokushima,Tokushima,Japan,34.014083,134.522111,Q11273093,Wikidata
Q11432512,Ōuchiyama Zoo,Taiki,Taiki,Japan,34.275278,136.369444,Q11432512,Wikidata
Q11273042,Tokiwa Park,Ube,Ube,Japan,33.94577778,131.28308333,Q11273042,Wikidata
Q11578268,Machida Squirrel Garden,Yakushidai,Yakushidai,Japan,35.578083,139.449722,Q11578268,Wikidata
Q11325259,Neo Park Okinawa,Nago,Nago,Japan,26.61069444,127.99147222,Q11325259,Wikidata
Q11452373,Takarazuka Family Land,,,Japan,,,Q11452373,Wikidata
Q10861328,Zoopark Vyškov,Vyškov Castle,Vyškov Castle,Czech Republic,49.2731,16.9969,Q10861328,Wikidata
Q11084009,Hsinchu Zoo,East District,East District,Taiwan,24.8011,120.979,Q11084009,Wikidata
Q11577814,Kofu city Yuki park zoo,甲府市遊亀公園,Kofu,Japan,35.65097222,138.57177778,Q11577814,Wikidata
Q11558610,Uminonakamichi Seaside Park,Higashi-ku,Higashi-ku,Japan,33.659222222,130.353472222,Q11558610,Wikidata
Q11493663,Ehime Prefectural Dogo Zoo,,,Japan,33.848306,132.786806,Q11493663,Wikidata
Q10861309,Jihlava Zoo,Jihlava,Jihlava,Czech Republic,49.3968056,15.5965833,Q10861309,Wikidata
Q11595256,秋田八幡平クマ牧場,,,Japan,40.024556,140.820278,Q11595256,Wikidata
Q10861329,Zoopark Zájezd,Zájezd,Zájezd,Czech Republic,50.1666,14.2219,Q10861329,Wikidata
Q11551063,Edogawa Ward Natural Zoo,Gyōsen Park,Kita-Kasai,Japan,35.671,139.8584,Q11551063,Wikidata
Q11333066,フクロウとキタキツネの森,,,Japan,42.948056,141.225944,Q11333066,Wikidata
Q11463704,Komoro City Zoo,Komoro Castle,Komoro,Japan,36.326589,138.41915,Q11463704,Wikidata
Q11557788,Hamamatsu Zoological Gardens,Nishi-ku,Nishi-ku,Japan,34.764722,137.630556,Q11557788,Wikidata
Q11568009,Kumamoto City Zoological and Botanical Gardens,Higashi-ku,Higashi-ku,Japan,32.77458333,130.74777778,Q11568009,Wikidata
Q10946033,Ningbo Wildlife Park,Yinzhou District,Yinzhou District,People's Republic of China,29.808072,121.673517,Q10946033,Wikidata
Q10952800,Jagodina Zoo,Jagodina,Jagodina,Serbia,43.964282,21.265092,Q10952800,Wikidata
Q11039211,Q11039211,Stange Municipality,Stange Municipality,Norway,60.633,11.304,Q11039211,Wikidata
Q10861307,Hodonín Zoo,Hodonín,Hodonín,Czech Republic,48.8639,17.1056,Q10861307,Wikidata
Q10698900,Cherkasy Zoo,Cherkasy Oblast,Cherkasy Oblast,Ukraine,49.41555556,32.02222222,Q10698900,Wikidata
Q11541603,Rakuju-en,Ichibanchō,Ichibanchō,Japan,35.122928,138.911767,Q11541603,Wikidata
Q11527526,Tobu Zoo,Miyashiro,Miyashiro,Japan,36.020083,139.719722,Q11527526,Wikidata
Q11594327,Fukuchiyama City Zoo,Fukuchiyama,Fukuchiyama,Japan,35.31111111,135.13777778,Q11594327,Wikidata
Q11543159,Kanazawa Zoo,Kanazawa Natural Park,Kanazawa-ku,Japan,35.350139,139.599361,Q11543159,Wikidata
Q11454001,Miyagi Zao Fox Village,Shiroishi,Shiroishi,Japan,38.040994,140.530308,Q11454001,Wikidata
Q11417307,Wakayama Castle Park Zoo,Wakayama Castle,Wakayama,Japan,34.226972,135.173222,Q11417307,Wikidata
Q11396953,Itōzu no Mori Zoological Park,Kokurakita-ku,Kokurakita-ku,Japan,33.87444,130.84611,Q11396953,Wikidata
Q10856999,Děčín Zoo,Podmokly,Podmokly,Czech Republic,50.7796,14.1972,Q10856999,Wikidata
Q11269273,しろとり動物園,,,Japan,34.249156,134.385222,Q11269273,Wikidata
Q10723789,former Valencia Zoo,Jardins del Real de València,Valencia,Spain,39.481212329,-0.367929147,Q10723789,Wikidata
Q11437989,Omachi Alpine Museum,Ōmachi-shi,Ōmachi-shi,Japan,36.50525,137.87055556,Q11437989,Wikidata
Q11400772,Kitakitsune Farm,Onneyu Onsen,Kitami,Japan,43.755778,143.497639,Q11400772,Wikidata
Q11510043,Hitachi Kamine Zoo,Kamine Park,Hitachi,Japan,36.606777777,140.658277777,Q11510043,Wikidata
Q11377835,Sendai Yagiyama Zoological Park,Taihaku-ku,Taihaku-ku,Japan,38.244333,140.844278,Q11377835,Wikidata
Q11266568,Saitama Children's Zoo,Higashimatsuyama,Higashimatsuyama,Japan,35.998056,139.373889,Q11266568,Wikidata
Q11324991,NEW REOMA WORLD,,,Japan,34.211983,133.878431,Q11324991,Wikidata
Q11618188,Kusatsu Tropical Wonderland,Kusatsu Onsen,Kusatsu,Japan,36.62261111,138.60472222,Q11618188,Wikidata
Q11493586,Tobe Zoological Park,Tobe,Tobe,Japan,33.762389,132.79275,Q11493586,Wikidata
Q11551834,Satsukiyama Zoo,Ikeda,Ikeda,Japan,34.830472,135.425306,Q11551834,Wikidata
Q12518848,Taman Margasatwa dan Budaya Kinantan,West Sumatra,West Sumatra,Indonesia,-0.30022,100.36955,Q12518848,Wikidata
Q11961462,Bjørneparken,Flå Municipality,Flå Municipality,Norway,60.4339345,9.4458271,Q11961462,Wikidata
Q11885778,Q11885778,Orimattila,Orimattila,Finland,60.819376,25.746167,Q11885778,Wikidata
Q13022377,Pata Zoo,Bang Yi Khan,Bang Yi Khan,Thailand,13.771305555,100.484025,Q13022377,Wikidata
Q12490158,Solo Safari,Surakarta,Surakarta,Indonesia,,,Q12490158,Wikidata
Q11664521,Suzaka Zoo,Garyū Park,Suzaka,Japan,36.640778,138.314194,Q11664521,Wikidata
Q12107058,Q12107058,,,,,,Q12107058,Wikidata
Q12107059,Q12107059,,,,,,Q12107059,Wikidata
Q12107056,Q12107056,,,,,,Q12107056,Wikidata
Q12107057,Q12107057,,,,,,Q12107057,Wikidata
Q12107062,Q12107062,,,,,,Q12107062,Wikidata
Q12107063,Q12107063,,,,,,Q12107063,Wikidata
Q12107060,Q12107060,,,,,,Q12107060,Wikidata
Q12107061,Q12107061,,,,,,Q12107061,Wikidata
Q12107066,Q12107066,,,,,,Q12107066,Wikidata
Q12107067,Q12107067,,,,,,Q12107067,Wikidata
Q12107064,Q12107064,,,,,,Q12107064,Wikidata
Q12107065,Q12107065,,,,,,Q12107065,Wikidata
Q12107070,Q12107070,,,,,,Q12107070,Wikidata
Q12107068,Q12107068,,,,,,Q12107068,Wikidata
Q12107069,Q12107069,,,,,,Q12107069,Wikidata
Q12107072,Q12107072,,,,,,Q12107072,Wikidata
Q12329909,Odsherred Zoo,Odsherred Municipality,Odsherred Municipality,Denmark,55.8269,11.4931,Q12329909,Wikidata
Q12045888,Chomutov Zoo,Chomutov,Chomutov,Czech Republic,50.4736,13.4203,Q12045888,Wikidata
Q11657616,Aso Cuddly Dominion,Aso,Aso,Japan,32.931,131.066722,Q11657616,Wikidata
Q13572749,Dierenpark Wassenaar,,,Netherlands,52.11806,4.37944,Q13572749,Wikidata
Q11796771,Toruń Zoobotanical Garden,Toruń,Toruń,Poland,53.008917,18.590472,Q11796771,Wikidata
Q12300349,Q12300349,Aarhus Municipality,Aarhus Municipality,Denmark,56.135,10.193,Q12300349,Wikidata
Q12168351,Butterfly Farm,Icod de los Vinos,Icod de los Vinos,Spain,28.36727,-16.72216,Q12168351,Wikidata
Q11666524,Iida City Zoo,Iida,Iida,Japan,35.514056,137.824028,Q11666524,Wikidata
Q13633013,Faunapark Flakkee,Nieuwe-Tonge,Nieuwe-Tonge,Netherlands,51.717930555,4.143311111,Q13633013,Wikidata
Q12404972,Haifa Zoo and Botanical Gardens,Haifa,Haifa,Israel,32.805794444,34.986130555,Q12404972,Wikidata
Q12062222,Museum of Life and Science,Durham,North Carolina,United States,36.0286,-78.8973,Q12062222,Wikidata
Q12149655,Rivne Zoo,Rivne Oblast,Rivne Oblast,Ukraine,50.609444444,26.332777777,Q12149655,Wikidata
Q11705490,Kuwait Zoo,,,Kuwait,29.300167,47.96245,Q11705490,Wikidata
Q12341733,ZOOPARK,Næstved Municipality,Næstved Municipality,Denmark,55.2207,11.7233,Q12341733,Wikidata
Q12052749,Adventure Aquarium,Camden,Camden,United States,39.945,-75.131,Q12052749,Wikidata
Q13093132,Gembira Loka Zoo,,,Indonesia,-7.803967997,110.397873297,Q13093132,Wikidata
Q12490160,Pematang Siantar Zoo,Pematangsiantar,Pematangsiantar,Indonesia,2.9526171,99.0588213,Q12490160,Wikidata
Q12031568,Crocodile ZOO Protivín,Protivín,Protivín,Czech Republic,49.2003,14.2175,Q12031568,Wikidata
Q11654197,Nagano Chausuyama Zoo,Nagano,Nagano,Japan,36.586722,138.115444,Q11654197,Wikidata
Q11756334,Tabor Zoo,Větrovy,Větrovy,Czech Republic,49.3883,14.649,Q11756334,Wikidata
Q11821245,European Bison Show Farm in Pszczyna,Q115209341,Pszczyna,Poland,49.977858,18.931089,Q11821245,Wikidata
Q12357003,Fasanerie Arnstadt,Arnstadt,Arnstadt,Germany,50.820035,10.949217,Q12357003,Wikidata
Q12342054,Ørnereservatet,Hjørring Municipality,Hjørring Municipality,Denmark,57.604444444,10.315833333,Q12342054,Wikidata
Q12207362,El Mansoura zoo,Mansoura,Mansoura,Egypt,31.053084,31.400551,Q12207362,Wikidata
Q13572750,Dierenpark Zie-ZOO,Volkel,Volkel,Netherlands,51.654,5.6751,Q13572750,Wikidata
Q11669751,Takasakiyama Natural Zoological Garden,Ōita-shi,Ōita-shi,Japan,33.251972,131.524083,Q11669751,Wikidata
Q11974448,Q11974448,Karmøy Municipality,Karmøy Municipality,Norway,59.3945,5.2581,Q11974448,Wikidata
Q12122625,Mena Zoo,Chernihiv Oblast,Chernihiv Oblast,Ukraine,51.522329,32.20361,Q12122625,Wikidata
Q11994240,Oslo Reptilpark,Oslo Municipality,Oslo Municipality,Norway,59.918235,10.74343806,Q11994240,Wikidata
Q11796775,Plock Zoo,Płock,Płock,Poland,52.5366,19.7003,Q11796775,Wikidata
Q13059506,Recreation Park and Rangpur Zoo,,,Bangladesh,25.7556,89.2515,Q13059506,Wikidata
Q11672436,Noichi Zoological Park of the Kochi Prefecture,Kōnan-shi,Kōnan-shi,Japan,33.571094,133.705822,Q11672436,Wikidata
Q12065270,Paradise Park,Hayle,Hayle,United Kingdom,50.17895,-5.42617,Q12065270,Wikidata
Q11872343,Q11872343,Kolari,Kolari,Finland,,,Q11872343,Wikidata
Q11674251,Nishiyama Zoo,Nishiyama park,Sabae,Japan,35.950613,136.180921,Q11674251,Wikidata
Q12118980,Lutsk Zoo,Lutsk,Lutsk,Ukraine,50.741111111,25.339169444,Q12118980,Wikidata
Q11796773,Zoo in Braniewo,Braunsberg,Braunsberg,Poland,54.3811,19.8259,Q11796773,Wikidata
Q11705492,Sacramento Zoo,William Land Park,California,United States,38.5396,-121.504,Q11705492,Wikidata
Q12816513,Lake Tisza Ecocentre,Poroszló,Poroszló,Hungary,47.64625,20.66074444,Q12816513,Wikidata
Q11796753,The Zoological Garden of Polish Fauna,Bydgoszcz,Bydgoszcz,Poland,53.1622,18.0344,Q11796753,Wikidata
Q12011264,National Zoo of Nicaragua,Ticuantepe,Ticuantepe,Nicaragua,12.040808333,-86.192941666,Q12011264,Wikidata
Q11793657,Poznań Nowe Zoo,Poznań,Poznań,Poland,52.4003,16.9947,Q11793657,Wikidata
Q11781326,Milwaukee County Zoo,Wisconsin,Wisconsin,United States,43.030784,-88.040407,Q11781326,Wikidata
Q12207363,zoo of Beni Suef,Beni Suef Governorate,Beni Suef Governorate,Egypt,29.084067,31.101726,Q12207363,Wikidata
Q11705491,Mendoza Zoological Park,Mendoza,Mendoza,Argentina,-32.88455833,-68.88906944,Q11705491,Wikidata
Q12808931,Faruk Yalçın Zoo,Piri Reis,Darıca district,Turkey,40.785,29.36861111,Q12808931,Wikidata
Q12280587,Q12280587,,,Bulgaria,42.275038,22.693364,Q12280587,Wikidata
Q11811318,Kadzidłowo Zoo,Kadzidłowo,Kadzidłowo,Poland,53.7133,21.49,Q11811318,Wikidata
Q13022372,Lopburi Zoo,Lopburi,Lopburi,Thailand,14.801586,100.636094,Q13022372,Wikidata
Q12645797,ZOO park Banja Luka,Banja Luka,Banja Luka,Bosnia and Herzegovina,44.79875,17.228891666,Q12645797,Wikidata
Q12070638,Taronga Western Plains Zoo,New South Wales,New South Wales,Australia,-32.271888888,148.587222222,Q12070638,Wikidata
Q14251991,Rancho Texas Park,Puerto del Carmen,Tías,Spain,28.9313,-13.6449,Q14251991,Wikidata
Q12043772,paraZOO,Vlašim,Vlašim,Czech Republic,49.7069444,14.8969444,Q12043772,Wikidata
Q11654175,Nagano City Jōyama Zoo,Jōyama Park,Uematsu,Japan,36.665194,138.194028,Q11654175,Wikidata
Q11663873,Kuragaike Park,Toyota,Toyota,Japan,35.098506,137.21685,Q11663873,Wikidata
Q11676554,Kagoshima City Hirakawa Zoo,Hirakawa-chō,Hirakawa-chō,Japan,31.464167,130.501417,Q11676554,Wikidata
Q12314978,Hadsund Dyrehave,Hadsund,Mariagerfjord Municipality,Denmark,56.72455,10.11466,Q12314978,Wikidata
Q13427230,Lesní koutek Ralsko,Hradčany,Hradčany,Czech Republic,50.6171,14.709,Q13427230,Wikidata
Q11652345,Nagasaki Bio Park,Saikai,Saikai,Japan,32.98975,129.78636,Q11652345,Wikidata
Q13605580,Zoológico de Sáenz Peña,Presidencia Roque Sáenz Peña,Presidencia Roque Sáenz Peña,Argentina,-26.817452777,-60.419872222,Q13605580,Wikidata
Q13430612,Artisklas Haarlem,,,Netherlands,52.4136,4.63967,Q13430612,Wikidata
Q14202152,Badoca Safari Park,Santo André,Santo André,Portugal,38.040656,-8.743283,Q14202152,Wikidata
Q12207360,El Arish zoo,North Sinai Governorate,North Sinai Governorate,Egypt,31.14568,33.83256,Q12207360,Wikidata
Q11873572,Q11873572,Kuopio,Kuopio,Finland,62.7503415,27.5534135,Q11873572,Wikidata
Q12303893,Q12303893,Varde Municipality,Varde Municipality,Denmark,55.5472,8.15614,Q12303893,Wikidata
Q11888104,Pikkukili,Lieksa,Lieksa,Finland,63.076974,30.09211,Q11888104,Wikidata
Q11983144,Langedrag Naturpark,Nore og Uvdal Municipality,Nore og Uvdal Municipality,Norway,60.447583,8.881056,Q11983144,Wikidata
Q12261334,BBK Karpín Fauna,Karrantza Harana / Valle de Carranza,Karrantza Harana / Valle de Carranza,Spain,43.24095556,-3.34522778,Q12261334,Wikidata
Q13141582,Q13141582,,,Egypt,,,Q13141582,Wikidata
Q13141586,Q13141586,,,Egypt,,,Q13141586,Wikidata
Q13141585,Q13141585,,,Egypt,,,Q13141585,Wikidata
Q13141590,Q13141590,,,Egypt,,,Q13141590,Wikidata
Q13141592,Q13141592,,,Egypt,,,Q13141592,Wikidata
Q11896290,Tampere Zoo,Tulli,Tampere,Finland,,,Q11896290,Wikidata
Q12207361,Faiyum Zoo,Faiyum,Faiyum,Egypt,29.320008794,30.852042817,Q12207361,Wikidata
Q11669487,Takaoka Kojō Zoo,Takaoka Castle,Takaoka,Japan,36.747722,137.022611,Q11669487,Wikidata
Q18046599,Milan's Zoo,Milan,Milan,Italy,45.475090525,9.198031714,Q18046599,Wikidata
Q16174245,Jeonju Zoo,Jeonju,Jeonju,South Korea,,,Q16174245,Wikidata
Q17355438,Parc zoologique du Livradois,Puy-de-Dôme,Puy-de-Dôme,France,45.5092,3.69124,Q17355438,Wikidata
Q16904614,Zoological Garden of Monaco,Fontvieille,Fontvieille,Monaco,43.7313,7.41829,Q16904614,Wikidata
Q14692574,Como Zoo,Como Regional Park,Saint Paul,United States,44.9822,-93.1539,Q14692574,Wikidata
Q17123549,Haustierpark Lelkendorf,Lelkendorf,Lelkendorf,Germany,53.83944444,12.73083333,Q17123549,Wikidata
Q14710454,Ellen Trout Zoo,Texas,Texas,United States,31.37268,-94.72743,Q14710454,Wikidata
Q15170809,Cat Survival Trust,,,United Kingdom,51.839132,-0.223721,Q15170809,Wikidata
Q17218329,ワールド牧場,,,Japan,34.481306,135.640347,Q17218329,Wikidata
Q16383344,Zoom di Cumiana,Cumiana,Cumiana,Italy,44.93232,7.42075,Q16383344,Wikidata
Q16680730,Никельский зоопарк,,,Russia,69.41027778,30.20861111,Q16680730,Wikidata
Q14716442,Heaven's Corner,Ohio,Ohio,United States,39.75,-84.574,Q14716442,Wikidata
Q14935316,Werribee Open Range Zoo,Werribee,Victoria,Australia,-37.9229,144.667,Q14935316,Wikidata
Q16507751,Domaine zoologique de Pescheray,Le Breil-sur-Mérize,Le Breil-sur-Mérize,France,47.9925,0.5015,Q16507751,Wikidata
Q16323677,Q16323677,,,Denmark,54.8502708,11.2475344,Q16323677,Wikidata
Q16954216,Dar es Salaam Zoo,Kigamboni District,Kigamboni District,Tanzania,-6.943941,39.40137,Q16954216,Wikidata
Q16674439,réserve biologique des monts d'Azur,Andon,Andon,France,43.805555555,6.845277777,Q16674439,Wikidata
Q17035382,Slater Park Zoo,,,United States,,,Q17035382,Wikidata
Q15120993,Sevastopol Zoo,,,Ukraine,44.594369444,33.54485,Q15120993,Wikidata
Q18125307,Groote Schuur Zoo,,,South Africa,-33.962,18.459,Q18125307,Wikidata
Q17462011,Zoo du Bassin d'Arcachon,La Teste-de-Buch,La Teste-de-Buch,France,44.5862,-1.13695,Q17462011,Wikidata
Q15262431,Noah's Ark Zoo Farm,Nailsea,Wraxall,United Kingdom,51.452,-2.7385,Q15262431,Wikidata
Q16645059,Exotic Garden and Zoo of Sanary-Bandol,,,France,43.147123867,5.774333682,Q16645059,Wikidata
Q18199407,Jyllands Park Zoo,Ringkøbing-Skjern Municipality,Ringkøbing-Skjern Municipality,Denmark,56.0962,8.8077,Q18199407,Wikidata
Q17111098,Marselisborg Deer Park,Aarhus Municipality,Aarhus Municipality,Denmark,56.1208,10.2194,Q17111098,Wikidata
Q16668908,Parc animalier des monts de Guéret,,,France,46.12689,1.8913,Q16668908,Wikidata
Q16132548,Hai Kef,Rishon LeZion,Rishon LeZion,Israel,31.975111111,34.789027777,Q16132548,Wikidata
Q16253871,Bayap Zoo,Seang Khveang Commune,Seang Khveang Commune,Cambodia,11.651178,105.482871,Q16253871,Wikidata
Q14716828,Toledo Zoo,Toledo,Toledo,United States,41.6191,-83.5807,Q14716828,Wikidata
Q17225811,百間山渓谷かもしか牧場,,,Japan,,,Q17225811,Wikidata
Q17211865,きびじつるの里,,,Japan,34.669889,133.767972,Q17211865,Wikidata
Q17636165,La Serena Zoo,La Serena,La Serena,Chile,-29.997194444,-71.053222222,Q17636165,Wikidata
Q15110165,Eifel-Zoo,Lünebach,Lünebach,Germany,50.152222,6.326807,Q15110165,Wikidata
Q16964707,La Serre aux papillons,La Queue-les-Yvelines,La Queue-les-Yvelines,France,48.8055,1.77763,Q16964707,Wikidata
Q15884236,ZooPark Metelen,Metelen,Metelen,Germany,52.1512,7.25319,Q15884236,Wikidata
Q14875235,Killman Zoo,Ontario,Ontario,Canada,43.1025,-79.9143,Q14875235,Wikidata
Q14689954,Sunset Zoo,Kansas,Kansas,United States,39.1773,-96.596,Q14689954,Wikidata
Q16132554,Tel Aviv University Zoo,Tel Aviv,Tel Aviv,Israel,32.112194444,34.80825,Q16132554,Wikidata
Q17225635,長尾鶏センター,,,Japan,33.567389,133.634639,Q17225635,Wikidata
Q16671327,Zoopark Limpopo,Nizhny Novgorod,Nizhny Novgorod,Russia,56.335082,43.853753,Q16671327,Wikidata
Q14623601,Bear Sanctuary Prishtina,Prishtina Municipality,Prishtina Municipality,Kosovo,42.63799,21.260052,Q14623601,Wikidata
Q16025295,La Vallée des Tortues,Sorède,Sorède,France,,,Q16025295,Wikidata
Q18199507,Skærup Zoo,Vejle Municipality,Vejle Municipality,Denmark,55.6388,9.5912,Q18199507,Wikidata
Q16893287,Kewaunee County Bruemmer Park and Zoo,Kewaunee County,Kewaunee County,United States,44.4606,-87.5512,Q16893287,Wikidata
Q16668906,Parc animalier d'Auvergne,Ardes,Ardes,France,45.39364,3.11564,Q16668906,Wikidata
Q16740309,Zoo Veldhoven,Veldhoven,Veldhoven,Netherlands,51.425556,5.353333,Q16740309,Wikidata
Q18019233,Darwineum,Gartenstadt/Stadtweide,Gartenstadt/Stadtweide,Germany,54.0791,12.0775,Q18019233,Wikidata
Q16901655,Tilgate Nature Centre,Tilgate Park,Crawley,United Kingdom,51.0942,-0.178014,Q16901655,Wikidata
Q15243715,Maharajbagh zoo,Nagpur,Nagpur,India,21.143521,79.076462,Q15243715,Wikidata
Q15071930,Parc animalier de La Reid,Theux,Theux,Belgium,50.511639,5.772918,Q15071930,Wikidata
Q16304402,Nakhon Pathom Municipality Zoo,Nakhon Pathom,Nakhon Pathom,Thailand,13.820286,100.049894,Q16304402,Wikidata
Q14714381,West Virginia Zoo,West Virginia,West Virginia,United States,39.5021,-79.7402,Q14714381,Wikidata
Q16723452,Yaroslavl Zoo,Yaroslavl,Yaroslavl,Russia,57.675,39.89722222,Q16723452,Wikidata
Q15241081,La Aurora Zoo,Guatemala City,Guatemala City,Guatemala,14.6000085,-90.5266572,Q15241081,Wikidata
Q18203498,Zoo Nowy Tomyśl,Q48862728,Nowy Tomyśl,Poland,52.3103,16.14,Q18203498,Wikidata
Q15938016,Badaling Zoo,Badaling,Beijing,People's Republic of China,40.3606502,115.9905437,Q15938016,Wikidata
Q16511778,East London Zoo,East London,East London,South Africa,-33.0176,27.8977,Q16511778,Wikidata
Q18125200,Gopalpur Zoo,,,India,32.1389,76.449,Q18125200,Wikidata
Q17510352,Cohanzick Zoo,Bridgeton,Bridgeton,United States,39.439,-75.239,Q17510352,Wikidata
Q14707954,Greensboro Science Center,Greensboro,Greensboro,United States,36.1299,-79.8341,Q14707954,Wikidata
Q17192303,AlpsPark,Matsumoto,Matsumoto,Japan,36.2609,137.954833,Q17192303,Wikidata
Q16295025,Zoo Zabakuck,Jerichow,Jerichow,Germany,52.458564,12.211582,Q16295025,Wikidata
Q18106587,Faunapark Lipová-lázně,Lipová-lázně,Lipová-lázně,Czech Republic,50.224552,17.112311,Q18106587,Wikidata
Q17063809,Kampot Zoo,Makprang Commune,Makprang Commune,Cambodia,10.665442,104.138674,Q17063809,Wikidata
Q16684080,Xining Zoo,Xining,Xining,People's Republic of China,36.6373,101.761,Q16684080,Wikidata
Q16339796,Chai park,Kiryat Motzkin,Kiryat Motzkin,Israel,32.84534,35.08102,Q16339796,Wikidata
Q15249491,Marwell Zoo,Owslebury,Owslebury,United Kingdom,50.99316389,-1.27773611,Q15249491,Wikidata
Q15229182,Jaipur Zoo,,,India,26.9122356,75.8214355,Q15229182,Wikidata
Q18088915,Wildlands,Emmen,Emmen,Netherlands,52.781944,6.888889,Q18088915,Wikidata
Q18029651,Wild- und Freizeitpark Ostrittrum,Dötlingen,Dötlingen,Germany,52.972251,8.344803,Q18029651,Wikidata
Q15853066,Vogel- und Tierpark Irgenöd,Ortenburg,Ortenburg,Germany,48.563459,13.251475,Q15853066,Wikidata
Q16242379,Wanpi World Zoo,Syuejia District,Syuejia District,Taiwan,23.2789,120.209,Q16242379,Wikidata
Q16114722,Milec family Zoo,,,Croatia,,,Q16114722,Wikidata
Q15503298,Pombia Safari Park,Pombia,Pombia,Italy,45.65,8.63333,Q15503298,Wikidata
Q17651567,Zoo de Vendeuil,Vendeuil,Vendeuil,France,49.7164,3.34148,Q17651567,Wikidata
Q17347161,Parc animalier de Charleville-Mézières,Saint-Laurent,Saint-Laurent,France,49.7696,4.77711,Q17347161,Wikidata
Q17274900,Zoológico Municipal Dr. Mauricio López Lomba,Tacuarembó,Tacuarembó,Uruguay,-31.700111111,-55.946,Q17274900,Wikidata
Q16999992,Warangal Zoo,,,India,17.99277778,79.55888889,Q16999992,Wikidata
Q15874575,DoeZoo Insektenwereld,,,Netherlands,53.3608,6.386,Q15874575,Wikidata
Q16164599,山林動物園,,,South Korea,,,Q16164599,Wikidata
Q17508852,Elmvale Jungle Zoo,Springwater,Springwater,Canada,44.55035,-79.83569,Q17508852,Wikidata
Q16170667,清州動物園,,,South Korea,,,Q16170667,Wikidata
Q15874522,Dierenpark Sanjeszoo,De Westereen,De Westereen,Netherlands,53.251277777,6.008033333,Q15874522,Wikidata
Q15229013,Iwatayama Monkey Park,Arashiyama,Nishikyō Ward,Japan,35.008938,135.674681,Q15229013,Wikidata
Q14692639,Hemker Park & Zoo,Freeport,Freeport,United States,45.671944444,-94.6675,Q14692639,Wikidata
Q16902425,Utica Zoo,New York,New York,United States,43.082,-75.246,Q16902425,Wikidata
Q18043463,Parque Zoobotânico Getúlio Vargas,Salvador,Salvador,Brazil,-13.0094574,-38.5047836,Q18043463,Wikidata
Q17100520,Manor Wildlife Park,Tenby,Tenby,United Kingdom,51.68555556,-4.76416667,Q17100520,Wikidata
Q14704943,Lincoln Children's Zoo,Nebraska,Nebraska,United States,40.8002,-96.6791,Q14704943,Wikidata
Q16489723,Bioparque Los Ocarros,Villavicencio,,Colombia,4.18505,-73.6087,Q16489723,Wikidata
Q17124207,Indian River Reptile Zoo,,,Canada,44.345059,-78.088038,Q17124207,Wikidata
Q16511780,Guadeloupe zoo,Guadeloupe,Guadeloupe,France,16.1792,-61.7511,Q16511780,Wikidata
Q16948780,Koh Kong Safari World,Bak Khlang Commune,Bak Khlang Commune,Cambodia,11.640818,102.916251,Q16948780,Wikidata
Q15850928,Tigerpark Dassow,Dassow,Dassow,Germany,53.903823,11.003429,Q15850928,Wikidata
Q17545222,The Menagerie,Hackleton,Hackleton,United Kingdom,52.1734,-0.798389,Q17545222,Wikidata
Q14546448,Wildgehege Moritzburg,Moritzburg,Moritzburg,Germany,51.1733,13.6982,Q14546448,Wikidata
Q6055483,İzmir Zoo,Kültürpark,Konak,Turkey,38.4275,27.148333333,Q6055483,Wikidata
Q136375353,Faunaland Ancol,Jakarta,Jakarta,Indonesia,,,Q136375353,Wikidata
Q6948918,Mystic Aquarium & Institute for Exploration,Connecticut,Connecticut,United States,41.373611111,-71.952777777,Q6948918,Wikidata
Q18343760,Port Harcourt Zoo,Rivers State,Rivers State,Nigeria,4.81111,7.04667,Q18343760,Wikidata
Q11647835,Kinkazan Squirrel Village,Gifu,Gifu,Japan,35.4321,136.780008,Q11647835,Wikidata
Q136008629,Zoológico Jhonlin Lestari,,,Indonesia,,,Q136008629,Wikidata
Q6963658,Nanjing Hongshan Forest Zoo,Hongshan Subdistrict,Hongshan Subdistrict,People's Republic of China,32.0941024,118.7982634,Q6963658,Wikidata
Q136396469,Q136396469,Teladan,Teladan,Indonesia,2.952576917,99.059379224,Q136396469,Wikidata
Q4721004,Alexandria Zoological Park,Louisiana,Louisiana,United States,31.2876,-92.4574,Q4721004,Wikidata
Q2530031,Bird Park Steinen,Steinen,Steinen,Germany,47.68654167,7.75668611,Q2530031,Wikidata
Q136087765,Q136087765,Køge Municipality,Køge Municipality,Denmark,55.45102,11.99857,Q136087765,Wikidata
Q11636941,Adachi Park of Living Things,Motofuchie Park,Hokima,Japan,35.792444,139.807222,Q11636941,Wikidata
Q5173964,Cosley Zoo,Illinois,Illinois,United States,41.8781,-88.1208,Q5173964,Wikidata
Q18287104,Aspuddsparken,Stockholm Municipality,Stockholm Municipality,Sweden,59.308095,17.993781666,Q18287104,Wikidata
Q6045732,Soğanlı Zoo,Bursa Province,Bursa Province,Turkey,40.218525,29.047089,Q6045732,Wikidata
Q107643861,Alligator-Action-Farm,Ockstadt,Friedberg,Germany,,,Q107643861,Wikidata
Q11626052,行川アイランド,,,Japan,35.117694,140.231278,Q11626052,Wikidata
Q107573186,Wamerú zoo,Querétaro,Querétaro,Mexico,20.572253993,-100.208306817,Q107573186,Wikidata
Q135511956,Philip's Animal Garden (Aruba),Aruba,Aruba,Aruba,12.567669378,-70.011234165,Q135511956,Wikidata
Q136446602,Suraloka Interactive Zoo,Yogyakarta,Yogyakarta,Indonesia,-7.607462,110.421106,Q136446602,Wikidata
Q107689682,Glad Zoo,Lintrup,Vejen Municipality,Denmark,55.4112,8.964,Q107689682,Wikidata
Q4733588,Alma Park Zoo,Queensland,Queensland,Australia,-27.2267,152.983,Q4733588,Wikidata
Q2034194,Kazan Zoo & Botanical Garden,Kazan,Kazan,Russia,55.76583333,49.13444444,Q2034194,Wikidata
Q6942794,Muskingum County Animal Farm,Zanesville,Zanesville,United States,39.9467,-82.0626,Q6942794,Wikidata
Q117824977,Northumberland Zoo,Thirston,Thirston,United Kingdom,55.27165,-1.70136,Q117824977,Wikidata
Q2067090,Berkenhof 's Tropical Zoo & Vlindertuin,Kwadendamme,Kwadendamme,Netherlands,51.4397,3.88937,Q2067090,Wikidata
Q18540627,Q18540627,,,Romania,,,Q18540627,Wikidata
Q136533740,Greifvogelanlage Wüstenrot,Wüstenrot,Wüstenrot,Germany,49.08895,9.45781,Q136533740,Wikidata
Q18391178,Zoológico Benito Juárez,Morelia,Morelia,Mexico,19.685277777,-101.193611111,Q18391178,Wikidata
Q18432915,Leszno Zoo,Leszno,Leszno,Poland,51.831056,16.590278,Q18432915,Wikidata
Q6907923,Big Bear Alpine Zoo,California,California,United States,34.2296,-116.859,Q6907923,Wikidata
Q11633858,Toyohashi Zoo and Botanical Park,Ōiwa-chō,Ōiwa-chō,Japan,34.721111,137.431944,Q11633858,Wikidata
Q3576021,Howletts Wild Animal Park,Canterbury,Canterbury,United Kingdom,51.2667,1.15,Q3576021,Wikidata
Q4731647,Kanpur Zoological Park,,,India,26.502922222,80.303402777,Q4731647,Wikidata
Q135683599,Rainbow Springs Nature Park,Rotorua Lakes District,Rotorua Lakes District,New Zealand,-38.108011,176.221014,Q135683599,Wikidata
Q6062496,Parque Safari,,,Chile,-34.1829,-70.8034,Q6062496,Wikidata
Q107558758,Le Parc australien,Carcassonne,Carcassonne,France,43.1884,2.392605555,Q107558758,Wikidata
Q108475856,Blagoevgrad Zoo,Blagoevgrad,Blagoevgrad,Bulgaria,42.013611111,23.103333333,Q108475856,Wikidata
Q3162628,Jardin zoologique de Marseille,Marseille,Marseille,France,43.3051,5.39642,Q3162628,Wikidata
Q3576023,Zoo de Maubeuge,Maubeuge,Maubeuge,France,50.279,3.96752,Q3576023,Wikidata
Q18577780,Tiergarten Walding,Walding,Walding,Austria,48.3506,14.1364,Q18577780,Wikidata
Q529586,Cologne Zoological Garden,Riehl,Riehl,Germany,50.958333,6.973333,Q529586,Wikidata
Q2085775,Philadelphia Aquarium,Pennsylvania,Pennsylvania,United States,39.9663,-75.1836,Q2085775,Wikidata
Q4739454,Amami Islands Botanical Garden,Amami,Amami,Japan,28.245555555,129.41,Q4739454,Wikidata
Q3576022,Zoo de La Flèche,La Flèche,La Flèche,France,47.6758,-0.0457,Q3576022,Wikidata
Q18610057,Slottsskogens Djurpark,Slottsskogen,Gothenburg Municipality,Sweden,57.686,11.943,Q18610057,Wikidata
Q107637943,Heythrop Zoological Gardens,Heythrop,Heythrop,United Kingdom,51.944722222,-1.459166666,Q107637943,Wikidata
Q136261853,Solomon's Animals,Nokdim,Nokdim,Israel,31.6608,35.2645,Q136261853,Wikidata
Q6061592,Parc de les Aus,Vilassar de Mar,Vilassar de Mar,Spain,,,Q6061592,Wikidata
Q80499606,Amarillo Zoo,,,United States,35.239727,-101.834866,Q80499606,Wikidata
Q3576020,Granby Zoo,Quebec,Quebec,Canada,45.41721,-72.72326,Q3576020,Wikidata
Q136099135,Maharani Zoo & Goa,Lamongan,Lamongan,Indonesia,,,Q136099135,Wikidata
Q14469669,Nakhon Ratchasima Zoo,Nakhon Ratchasima,Nakhon Ratchasima,Thailand,14.8504,102.075,Q14469669,Wikidata
Q545428,Anholter Schweiz,Isselburg,Isselburg,Germany,51.8345,6.42997,Q545428,Wikidata
Q118107423,Menjor Multipurpose Research Centre and Unity Park,Manipur,Manipur,India,24.61895,94.01788,Q118107423,Wikidata
Q14468312,Ogba Zoo & Nature Park,Oredo,Oredo,Nigeria,6.289022,5.587875,Q14468312,Wikidata
Q3576025,Les terres de Nataé,Pont-Scorff,Pont-Scorff,France,47.8103,-3.40705,Q3576025,Wikidata
Q117822338,Porfell Wildlife Park,Lanreath,Lanreath,United Kingdom,50.405341,-4.572426,Q117822338,Wikidata
Q3162630,Quebec City Zoo,Charlesbourg,Charlesbourg,Canada,46.8884,-71.302,Q3162630,Wikidata
Q18540628,Grădina Zoologică Oradea,Oradea,Oradea,Romania,,,Q18540628,Wikidata
Q7697980,Temaikén,Escobar Partido,Escobar Partido,Argentina,-34.3639,-58.8028,Q7697980,Wikidata
Q80498212,Monterey Zoo,,,United States,36.594107,-121.625929,Q80498212,Wikidata
Q108330504,Tierpark Geithain,Leipzig District,Leipzig District,Germany,,,Q108330504,Wikidata
Q108502475,Takagoyama Nature Zoo,Futtsu,Futtsu,Japan,,,Q108502475,Wikidata
Q5171837,Cornish Seal Sanctuary,Gweek,Gweek,United Kingdom,50.092,-5.20263,Q5171837,Wikidata
Q135655695,Parc Animalier d'Écouves,,,France,48.566944444,0.135833333,Q135655695,Wikidata
Q18344049,Kumasi Zoo,,,Ghana,6.701,-1.626,Q18344049,Wikidata
Q6055894,Gaziantep Zoo,Çamtepe,Şahinbey district,Turkey,37.03967778,37.29526944,Q6055894,Wikidata
Q18229584,Limburg Zoo,,,Belgium,51.013,5.49408,Q18229584,Wikidata
Q3576019,Zoo de Guyane,French Guiana,French Guiana,France,4.9458,-52.4917,Q3576019,Wikidata
Q18409713,Улан-Баторский зоопарк,Ulaanbaatar,Ulaanbaatar,Mongolia,,,Q18409713,Wikidata
Q18608929,Gutezoo,Region Gotland,Region Gotland,Sweden,57.3314,18.6269,Q18608929,Wikidata
Q108471086,Crocodiles of the World,West Oxfordshire,West Oxfordshire,United Kingdom,51.777222222,-1.584722222,Q108471086,Wikidata
Q6917159,Mote Marine Laboratory,Sarasota,Sarasota,United States,27.33291667,-82.57713889,Q6917159,Wikidata
Q1288491,Reptilienzoo Schloss Scharnstein,Schloss Neu-Scharnstein,Scharnstein,Austria,,,Q1288491,Wikidata
Q507954,Zoo Sauvage de St-Félicien,Saint-Félicien,Saint-Félicien,Canada,48.6823,-72.5112,Q507954,Wikidata
Q108527080,Himalayan Nature Park Kufri,Himachal Pradesh,Himachal Pradesh,India,31.1035,77.2454,Q108527080,Wikidata
Q18472492,Santo Inácio Zoo,Vila Nova de Gaia,Vila Nova de Gaia,Portugal,,,Q18472492,Wikidata
Q6049071,International Centre for Birds of Prey,Forest of Dean,Forest of Dean,United Kingdom,51.913321439,-2.428042674,Q6049071,Wikidata
Q3576024,Louisville Zoo,Kentucky,Kentucky,United States,38.2053,-85.7053,Q3576024,Wikidata
Q6907907,Moonlit Sanctuary Wildlife Conservation Park,Victoria,Victoria,Australia,-38.21255,145.25038,Q6907907,Wikidata
Q26990814,Osa Wildlife Sanctuary,Puntarenas Province,Puntarenas Province,Costa Rica,8.6738011,-83.3170995,Q26990814,Wikidata
Q11648278,Kushiro Zoo,Kushiro,Kushiro,Japan,43.08125,144.236528,Q11648278,Wikidata
Q1277944,Las Águilas Jungle Park,Los Cristianos,Los Cristianos,Spain,28.079489,-16.695443,Q1277944,Wikidata
Q136031635,Lembang Park & Zoo,Bandung,Bandung,Indonesia,-6.803983513,107.590848698,Q136031635,Wikidata
Q1295413,Szeged Zoo,Szeged,Szeged,Hungary,46.25,20.116666666,Q1295413,Wikidata
Q11642887,Nasu Animal Kingdom,Nasu,Nasu,Japan,37.128889,140.036944,Q11642887,Wikidata
Q107600389,Linton Zoo,Linton,Linton,United Kingdom,52.091722,0.270792,Q107600389,Wikidata
Q546361,Marcelle Natureza,Outeiro de Rei,Outeiro de Rei,Spain,43.0697,-7.62806,Q546361,Wikidata
Q80496553,Zoo Boise,Boise,Boise,United States,43.608588,-116.204341,Q80496553,Wikidata
Q5169520,Coral World Ocean Park,United States Virgin Islands,United States Virgin Islands,United States,18.3490241,-64.8650489,Q5169520,Wikidata
Q2058294,Plaswijckpark,Hillegersberg-Schiebroek,Rotterdam,Netherlands,51.95611,4.48139,Q2058294,Wikidata
Q18547633,Zoo of Rădăuți,Rădăuți,Rădăuți,Romania,,,Q18547633,Wikidata
Q1284778,Edinburgh Zoo,Edinburgh,City of Edinburgh,United Kingdom,55.9425,-3.27,Q1284778,Wikidata
Q26794497,"Tier-, Freizeit- und Saurierpark Germendorf",,,Germany,52.746891,13.156697,Q26794497,Wikidata
Q2102096,印度尼西亚公园,Kallenkote,Kallenkote,Netherlands,52.8045,6.18739,Q2102096,Wikidata
Q108451306,Husky Village,,,Russia,55.622708,36.250633,Q108451306,Wikidata
Q108155218,zoo marin-delphinarium du Barcarès,Le Barcarès,Le Barcarès,France,42.837222222,3.021666666,Q108155218,Wikidata
Q18388017,Peyrieras Reptile Reserve,Manjakandriana,Analamanga,Madagascar,-18.918889,47.791389,Q18388017,Wikidata
Q6962092,Park Nordica,Namsskogan Municipality,Namsskogan Municipality,Norway,64.7431,12.847777777,Q6962092,Wikidata
Q2530033,Vogelpark am Krater,Bad Nenndorf,Bad Nenndorf,Germany,52.3257,9.3616,Q2530033,Wikidata
Q136243548,Hirschgarten,,,Germany,51.364326477,12.638174057,Q136243548,Wikidata
Q2533994,Zoo Pilsen,Plzeň,Plzeň,Czech Republic,49.7578,13.36,Q2533994,Wikidata
Q2057904,ZooParc Overloon,Overloon,Land van Cuijk,Netherlands,51.57722,5.94,Q2057904,Wikidata
Q1867915,Lofotakvariet,Vågan Municipality,Vågan Municipality,Norway,68.2074,14.4495,Q1867915,Wikidata
Q1282056,Ecomare,Dunes of Texel National Park,Texel,Netherlands,53.07778,4.74528,Q1282056,Wikidata
Q3156501,Izu Mito Sea Paradise,Numazu,Numazu,Japan,35.019444,138.895944,Q3156501,Wikidata
Q741478,Great Aquarium Saint-Malo,Saint-Malo,Saint-Malo,France,48.6195,-1.9945,Q741478,Wikidata
Q3290376,Maréis,Étaples,Étaples,France,50.5186111,1.63027778,Q3290376,Wikidata
Q1952390,Multimar Wattforum,Tönning,Tönning,Germany,54.3178,8.95278,Q1952390,Wikidata
Q1000257,National Aquarium,Baltimore,Baltimore,United States,39.2850948,-76.6082871,Q1000257,Wikidata
Q3328425,Museu Paraense Emílio Goeldi,Belém,Belém,Brazil,-1.4525,-48.47638889,Q3328425,Wikidata
Q1073067,Toba Aquarium,Toba,Toba,Japan,34.4817,136.846,Q1073067,Wikidata
Q3398288,Aquarium Finisterrae,A Coruña,A Coruña,Spain,43.384,-8.4098,Q3398288,Wikidata
Q2859179,Montreal Aquarium,,,Canada,45.5236,-73.5381,Q2859179,Wikidata
Q1424855,Sylt Aquarium,Westerland,Sylt,Germany,54.9009,8.29783,Q1424855,Wikidata
Q3337173,Nausicaà Centre National de la Mer,Boulogne-sur-Mer,Boulogne-sur-Mer,France,50.73019,1.59474,Q3337173,Wikidata
Q2261873,Sea Life München,Am Riesenfeld,Milbertshofen-Am Hart,Germany,48.1738,11.5562,Q2261873,Wikidata
Q697507,National Museum of Marine Biology and Aquarium,Checheng Township,Checheng Township,Taiwan,22.046485,120.697678,Q697507,Wikidata
Q2859180,Aquarium du Lac du Bourget,Aix-les-Bains,Aix-les-Bains,France,45.693544,5.88978,Q2859180,Wikidata
Q2683308,Natuurcentrum Ameland,Nes,Ameland,Netherlands,53.45028,5.775,Q2683308,Wikidata
Q756544,Atlantic Sea-Park,Ålesund Municipality,Ålesund Municipality,Norway,62.46577,6.095619,Q756544,Wikidata
Q2859172,Aquarium de Guadeloupe,Le Gosier,Le Gosier,France,16.218,-61.5038,Q2859172,Wikidata
Q623163,Aquarium of Genoa,porto antico,Genoa,Italy,44.41019,8.926508,Q623163,Wikidata
Q2859178,Aquarium de Vannes,Vannes,Vannes,France,47.63836,-2.76346,Q2859178,Wikidata
Q965731,California Academy of Sciences,Golden Gate Park,San Francisco,United States,37.77,-122.466388888,Q965731,Wikidata
Q2859175,Aquarium de Loudun,Loudun,Loudun,France,47.012969,0.080933,Q2859175,Wikidata
Q3290344,Planet Ocean Montpellier,Montpellier,Montpellier,France,43.603277777,3.916975,Q3290344,Wikidata
Q2859182,Istanbul Aquarium,Şenlikköy,Bakırköy,Turkey,40.96416667,28.8,Q2859182,Wikidata
Q2945366,Centre de la mer et des eaux,Institut Océanographique de Paris,5th arrondissement of Paris,France,48.84444444,2.3425,Q2945366,Wikidata
Q2859183,Aquarium des lagons,Nouméa,Nouméa,France,-22.30215,166.43815,Q2859183,Wikidata
Q1200948,Aquarium Barcelona,Gothic Quarter,Gothic Quarter,Spain,41.376667,2.184167,Q1200948,Wikidata
Q1847362,Grottenaquarium Valkenburg,Valkenburg,Valkenburg aan de Geul,Netherlands,50.86028,5.82604,Q1847362,Wikidata
Q1191885,Osaka Aquarium Kaiyukan,Tempōzan Harbor Village,Kaigandori,Japan,34.654472222,135.428888888,Q1191885,Wikidata
Q1049423,Castle Clinton,The Battery,Manhattan,United States,40.70348,-74.01681,Q1049423,Wikidata
Q2859174,Aquarium de La Réunion,Saint-Paul,Saint-Paul,France,-21.054626,55.225015,Q2859174,Wikidata
Q1805628,Lanzarote Aquarium,Costa Teguise,Teguise,Spain,29.0037,-13.48728,Q1805628,Wikidata
Q3349063,Oceanopolis,Moulin-Blanc,Brest,France,48.39038,-4.43568,Q3349063,Wikidata
Q652806,Lisbon Oceanarium,Lisboa,Parque das Nações,Portugal,38.763526,-9.09375,Q652806,Wikidata
Q3312744,Sea Life London Aquarium,London Borough of Lambeth,London Borough of Lambeth,United Kingdom,51.5019,-0.118889,Q3312744,Wikidata
Q2908501,The Seas with Nemo & Friends,Florida,Florida,United States,28.3754,-81.5509,Q2908501,Wikidata
Q1656431,Palma Aquarium,Palma,Palma,Spain,39.532301,2.728348,Q1656431,Wikidata
Q1321392,Melbourne Aquarium,Melbourne central business district,City of Melbourne,Australia,-37.82083,144.95778,Q1321392,Wikidata
Q2859188,Aquarium et centre marin du Nouveau-Brunswick,Shippagan,Shippagan,Canada,47.7477481,-64.7098882,Q2859188,Wikidata
Q1439061,Sea Life Porto,Freguesia de Nevogilde,"Aldoar, Foz do Douro e Nevogilde",Portugal,41.168115,-8.687225,Q1439061,Wikidata
Q1783786,Two Oceans Aquarium,City of Cape Town,City of Cape Town,South Africa,-33.908055555,18.417666666,Q1783786,Wikidata
Q2591764,Sea Life Sydney Aquarium,New South Wales,New South Wales,Australia,-33.8694,151.202,Q2591764,Wikidata
Q3330862,Museum–aquarium of Nancy,Nancy,Nancy,France,48.69487,6.18816,Q3330862,Wikidata
Q1445750,Okinawa Churaumi Aquarium,Ocean Expo Park,Motobu,Japan,26.69438889,127.87794444,Q1445750,Wikidata
Q2859192,Aquarium du Québec,Sainte-Foy–Sillery–Cap-Rouge,Sainte-Foy–Sillery–Cap-Rouge,Canada,46.7508,-71.2884,Q2859192,Wikidata
Q2859205,Shanghai Ocean Aquarium,,,People's Republic of China,31.24255,121.49717,Q2859205,Wikidata
Q2859191,Aquarium du palais de la Porte Dorée,12th arrondissement of Paris,12th arrondissement of Paris,France,48.835306,2.409411,Q2859191,Wikidata
Q2859169,"Sealand, Noirmoutier",Noirmoutier-en-l'Île,Noirmoutier-en-l'Île,France,46.999324,-2.247562,Q2859169,Wikidata
Q2973092,Aquarium de Paris,16th arrondissement of Paris,16th arrondissement of Paris,France,48.86222,2.29083,Q2973092,Wikidata
Q623152,Gdynia Aquarium,Gdynia,Gdynia,Poland,54.518366,18.557351,Q623152,Wikidata
Q1754233,Monterey Bay Aquarium,Monterey,Monterey,United States,36.618253,-121.901481,Q1754233,Wikidata
Q863153,Yokohama Hakkeijima Sea Paradise,Hakkeijima,Hakkeijima,Japan,35.337441666,139.647333333,Q863153,Wikidata
Q1438590,Fort Kijkduin,Huisduinen,Den Helder,Netherlands,52.950514,4.722442,Q1438590,Wikidata
Q2584307,Centrum voor Natuur en Landschap,West-Terschelling,Terschelling,Netherlands,53.36097,5.21583,Q2584307,Wikidata
Q2859181,Aquarium du Limousin,Limoges,Limoges,France,45.827573,1.259852,Q2859181,Wikidata
Q2447851,L'Oceanogràfic,City of Arts and Sciences,Valencia,Spain,39.452866666,-0.348047222,Q2447851,Wikidata
Q2582633,Zee Aquarium Bergen aan Zee,Bergen aan Zee,Bergen,Netherlands,52.6605,4.62909,Q2582633,Wikidata
Q3476657,Sea Life Paris Val d'Europe,Marne-la-Vallée,Marne-la-Vallée,France,48.853611111,2.780555555,Q3476657,Wikidata
Q1060884,New York Aquarium,Brooklyn,Brooklyn,United States,40.5743,-73.9751,Q1060884,Wikidata
Q2859184,Aquarium du Périgord noir,Le Bugue,Le Bugue,France,44.914458,0.931622,Q2859184,Wikidata
Q2529001,Vivarium,Vienna,Vienna,Austria,48.2144,16.3931,Q2529001,Wikidata
Q1967440,National Marine Aquarium,Plymouth,City of Plymouth,United Kingdom,50.3666,-4.1313,Q1967440,Wikidata
Q2166515,Shedd Aquarium,Near South Side,Near South Side,United States,41.867778,-87.613889,Q2166515,Wikidata
Q3330639,The Maritime Museum and Aquarium,Majorna,Gothenburg Municipality,Sweden,57.699027777,11.932083333,Q3330639,Wikidata
Q2584900,Himeji City Aquarium,Tegarayama Central Park,Himeji,Japan,34.822722,134.676028,Q2584900,Wikidata
Q2330240,Neeltje Jans,Veere,Veere,Netherlands,51.626944444,3.700277777,Q2330240,Wikidata
Q2859186,Grand Aquarium de Touraine,Lussault-sur-Loire,Lussault-sur-Loire,France,47.38805,0.911479,Q2859186,Wikidata
Q3055859,Aqua Park Shinagawa,Takanawa,Takanawa,Japan,35.62805556,139.73527778,Q3055859,Wikidata
Q3538753,Kotka Maretarium,Kotka,Kotka,Finland,60.4611,26.9506,Q3538753,Wikidata
Q3476795,Seaquarium du Grau-du-Roi,Le Grau-du-Roi,Le Grau-du-Roi,France,43.527,4.14088,Q3476795,Wikidata
Q2859173,Aquarium de La Rochelle,La Rochelle,La Rochelle,France,46.153274,-1.150539,Q2859173,Wikidata
Q922579,Aquarium and Natural History Museum in Kraków,Kraków,Kraków,Poland,50.0554814,19.9414552,Q922579,Wikidata
Q1369770,Estação Litoral da Aguda,,,Portugal,41.047827,-8.653351,Q1369770,Wikidata
Q623210,Löbbecke Museum und Aquazoo,Düsseldorf,Düsseldorf,Germany,51.2564,6.74972,Q623210,Wikidata
Q2859190,Aquarium of Trégastel,Trégastel,Trégastel,France,48.832862,-3.514182,Q2859190,Wikidata
Q2859199,Aquatis,Lausanne,Lausanne,Switzerland,46.54086,6.65729,Q2859199,Wikidata
Q1132057,Rayong Aquarium,,,Thailand,12.60942207,101.42295957,Q1132057,Wikidata
Q4112966,Oceanarium of Vladivostok,Vladivostok,Vladivostok,Russia,43.12124167,131.8761389,Q4112966,Wikidata
Q5413044,Curaçao Sea Aquarium,Willemstad,Willemstad,Curaçao,12.084125,-68.896522,Q5413044,Wikidata
Q6636970,Sea Life Bangkok Ocean World,Bangkok,Bangkok,Thailand,13.7458,100.5353,Q6636970,Wikidata
Q11264065,Crab Aquarium,Tottori,Tottori,Japan,35.5345,134.178888888,Q11264065,Wikidata
Q4782760,Aquarium of the Bay,California,California,United States,37.8088,-122.409,Q4782760,Wikidata
Q7356438,Rodadero Sea Aquarium and Museum,,,Colombia,11.216969,-74.237151,Q7356438,Wikidata
Q6968578,Natchitoches National Fish Hatchery,Natchitoches,Natchitoches,United States,31.73683,-93.0785,Q6968578,Wikidata
Q4803495,Asamushi Aquarium,Aomori,Aomori,Japan,40.897583,140.862778,Q4803495,Wikidata
Q8187791,Aquário Vasco da Gama,"Algés, Linda-a-Velha e Cruz Quebrada-Dafundo","Algés, Linda-a-Velha e Cruz Quebrada-Dafundo",Portugal,38.699191,-9.238178,Q8187791,Wikidata
Q11256102,“渚の駅”たてやま,Tateyama,Tateyama,Japan,34.98975,139.854694,Q11256102,Wikidata
Q4849544,Seattle Aquarium,Seattle,Seattle,United States,47.6077,-122.343,Q4849544,Wikidata
Q11281777,わくわく海中水族館シードーナツ,Kamiamakusa,Kamiamakusa,Japan,32.52983333,130.42836111,Q11281777,Wikidata
Q10276314,Estação de Zoologia Marítima Dr. Augusto Nobre,Freguesia de Nevogilde,"Aldoar, Foz do Douro e Nevogilde",Portugal,41.163722222,-8.686611111,Q10276314,Wikidata
Q11275197,Notojima Aquarium,Nanao,Nanao,Japan,37.14916667,136.98222222,Q11275197,Wikidata
Q3678768,Public marine aquarium of Trieste,Trieste,Trieste,Italy,45.6481773,13.7626664,Q3678768,Wikidata
Q11250698,Sunshine Aquarium,Sunshine City,Higashi-Ikebukuro,Japan,35.728583,139.71975,Q11250698,Wikidata
Q4059427,Dubai Aquarium and Underwater Zoo,Dubai,Dubai,United Arab Emirates,25.197555555,55.278416666,Q4059427,Wikidata
Q5600498,Greater Cleveland Aquarium,Cleveland,Cleveland,United States,41.4963,-81.7039,Q5600498,Wikidata
Q7980491,Welaka National Fish Hatchery,Florida,Florida,United States,29.4415,-81.6499,Q7980491,Wikidata
Q7440604,Sealand of the Pacific,British Columbia,British Columbia,Canada,48.4249,-123.302,Q7440604,Wikidata
Q6750618,Manly Sea Life Sanctuary,New South Wales,New South Wales,Australia,-33.7991,151.281,Q6750618,Wikidata
Q8187792,Aquarium of Gijón,"Playa de Poniente, Gijón",Xixón,Spain,43.542198,-5.676489,Q8187792,Wikidata
Q6112842,Aquaria water museum,Djurgården,Stockholm Municipality,Sweden,59.32527778,18.09416667,Q6112842,Wikidata
Q4063085,Alushta Aquarium,Alushta,Alushta,Ukraine,44.671032,34.411177,Q4063085,Wikidata
Q7741262,Ice Museum,Kesennuma Fishing Port,Kesennuma,Japan,38.9001,141.58,Q7741262,Wikidata
Q6765784,Maritime Aquarium at Norwalk,Norwalk,Norwalk,United States,41.101,-73.4164,Q6765784,Wikidata
Q7729542,The Deep,Kingston upon Hull,Kingston upon Hull,United Kingdom,53.738611111,-0.330555555,Q7729542,Wikidata
Q8035359,World Aquarium,Missouri,Missouri,United States,38.6336,-90.2004,Q8035359,Wikidata
Q5657014,Aquarium River of Zaragoza,Zaragoza,Zaragoza,Spain,41.66925,-0.89854,Q5657014,Wikidata
Q5493664,Acuario Municipal (Santa Pola),Santa Pola,Santa Pola,Spain,38.19027778,-0.55527778,Q5493664,Wikidata
Q4782841,Aquaworld Aquarium,Chersonissos,Hersonissos Municipality,Greece,35.31704444,25.389275,Q4782841,Wikidata
Q6970399,National Aquarium,Herbert C. Hoover Building,"Washington, D.C.",United States,38.8936,-77.0328,Q6970399,Wikidata
Q11276730,ひろお水族館,,,Japan,,,Q11276730,Wikidata
Q6764196,Miyajima Public Aquarium,Hatsukaichi,Hatsukaichi,Japan,34.295392,132.315356,Q6764196,Wikidata
Q7440540,Seal Sanctuary in Hel,Hel,Hel,Poland,54.6069411,18.8000536,Q7440540,Wikidata
Q11257046,Aquapia Akutagawa,Nanpeidai,Nanpeidai,Japan,34.864111,135.592111,Q11257046,Wikidata
Q4641942,63 Seaworld,,,South Korea,37.5198,126.94,Q4641942,Wikidata
Q5408775,Mundomar,Province of Alicante,Province of Alicante,Spain,38.540714,-0.0934267,Q5408775,Wikidata
Q7876799,Ucluelet Aquarium,Ucluelet,Ucluelet,Canada,48.943314,-125.545838,Q7876799,Wikidata
Q9047113,Mar del Plata Museum of the Sea,Mar del Plata,Mar del Plata,Argentina,-38.01111111,-57.53583333,Q9047113,Wikidata
Q11259022,Kagoshima City Aquarium,Honkōshin-machi,Honkōshin-machi,Japan,31.595972,130.564444,Q11259022,Wikidata
Q4925165,Tokyo Sea Life Park,Kasai Rinkai Park,Rinkaichō,Japan,35.640083333,139.862166666,Q4925165,Wikidata
Q4332496,Moscow Oceanarium,,,Russia,55.731944444,37.516666666,Q4332496,Wikidata
Q4782624,Aqua World,Ōarai-machi,Ōarai-machi,Japan,36.333333333,140.593888888,Q4782624,Wikidata
Q10282992,Fluviário de Mora,Cabeção,Cabeção,Portugal,,,Q10282992,Wikidata
Q6792384,Maui Ocean Center,Maalaea,Maalaea,United States,20.7925,-156.512222222,Q6792384,Wikidata
Q4947729,Boston Aquarial Gardens,Massachusetts,Massachusetts,United States,42.357,-71.06,Q4947729,Wikidata
Q4929628,Blue Planet Aquarium,Ellesmere Port,Ellesmere Port,United Kingdom,53.261766333,-2.887154463,Q4929628,Wikidata
Q6935857,Mundo Marino,San Clemente del Tuyú,San Clemente del Tuyú,Argentina,-36.3401,-56.74696,Q6935857,Wikidata
Q11260727,うみたま体験パーク「つくみイルカ島」,,,Japan,33.070278,131.955,Q11260727,Wikidata
Q5133216,Clifton Fish Aquarium,Karachi,Karachi,Pakistan,24.812164,67.027172,Q5133216,Wikidata
Q4915315,Biota!,,,United Kingdom,51.5031,0.032,Q4915315,Wikidata
Q6122741,Sea Life Benalmádena,Benalmádena,Benalmádena,Spain,36.59885,-4.514074,Q6122741,Wikidata
Q5459553,Flint RiverQuarium,Albany,Albany,United States,31.579083333,-84.149055555,Q5459553,Wikidata
Q7122752,Pacific Undersea Gardens,British Columbia,British Columbia,Canada,48.4215,-123.371,Q7122752,Wikidata
Q7076176,Oceanarium Bournemouth,,,United Kingdom,50.7159,-1.87673,Q7076176,Wikidata
Q7389560,SEA LIFE Minnesota Aquarium,Mall of America,Bloomington,United States,44.8542,-93.2422,Q7389560,Wikidata
Q6764266,Marine World Uminonakamichi,Uminonakamichi Seaside Park,Higashi-ku,Japan,33.66083333,130.36333333,Q6764266,Wikidata
Q4782699,Aquamarine Fukushima,Iwaki Onahama Minato Oasis,Iwaki,Japan,36.94275,140.9015,Q4782699,Wikidata
Q5711821,Alborania-Aula del Mar Museum,Málaga,Málaga,Spain,36.7182,-4.41624,Q5711821,Wikidata
Q4712807,Albuquerque Aquarium,New Mexico,New Mexico,United States,35.0932,-106.679,Q4712807,Wikidata
Q11267523,Saitama Aquarium,Hanyū Riverside Park,Hanyū-shi,Japan,36.173139,139.597861,Q11267523,Wikidata
Q9626989,Belo Horizonte Aquarium,Belo Horizonte,Belo Horizonte,Brazil,-19.860413888,-44.005069444,Q9626989,Wikidata
Q10294080,Havets hus,Lysekil,Lysekil Municipality,Sweden,58.26916667,11.43194444,Q10294080,Wikidata
Q8134074,Sumida Aquarium,Tokyo Solamachi,Oshiage,Japan,35.709889,139.809861,Q8134074,Wikidata
Q5599417,Great Lakes Aquarium,Duluth,Duluth,United States,46.7793,-92.1003,Q5599417,Wikidata
Q11279914,Moguranpia,Kuji,Kuji,Japan,40.221289,141.815722,Q11279914,Wikidata
Q11261729,Otaru Aquarium,Otaru,Otaru,Japan,43.236806,141.01125,Q11261729,Wikidata
Q4782759,Aquarium of the Pacific,Long Beach,Long Beach,United States,33.76216,-118.19692,Q4782759,Wikidata
Q6392353,Aquarium Grotto Garden,Giza Governorate,Giza Governorate,Egypt,30.056629,31.218705,Q6392353,Wikidata
Q7231211,Port of Nagoya Public Aquarium,Garden Pier,Minato-machi,Japan,35.0906,136.8782,Q7231211,Wikidata
Q11254393,Shinagawa Aquarium,Shinagawa Kumin Park,Katsushima,Japan,35.588472,139.7375,Q11254393,Wikidata
Q7306796,Reef HQ,Queensland,Queensland,Australia,-19.2577,146.824,Q7306796,Wikidata
Q7400110,Kujukushima Pearl Sea Resort,Sasebo,Sasebo,Japan,33.16138889,129.67944444,Q7400110,Wikidata
Q50426139,Adler Dolphinarium,Sochi,Sochi,Russia,,,Q50426139,Wikidata
Q25542775,Batumi Dolphinarium,,,Georgia,41.647688888,41.623180555,Q25542775,Wikidata
Q50435441,Dolphinarium,Sochi,Sochi,Russia,43.590375,39.715458,Q50435441,Wikidata
Q29168,Aquaria KLCC,Kuala Lumpur,Kuala Lumpur,Malaysia,3.1533927,101.713078,Q29168,Wikidata
Q112153124,"Sea Life Centre, Blackpool",Blackpool,Blackpool,United Kingdom,53.812861111,-3.054861111,Q112153124,Wikidata
Q113030948,Aquarama Barcelona,Barcelona Zoo,Barcelona,Spain,41.385119973,2.189060877,Q113030948,Wikidata
Q122751027,Palablù,Castelnuovo del Garda,Castelnuovo del Garda,Italy,,,Q122751027,Wikidata
Q548850,AquaDom,Berlin-Mitte,Bezirk Mitte,Germany,52.519722222,13.402777777,Q548850,Wikidata
Q29208,The Green Connection,,,Malaysia,5.97769,116.088,Q29208,Wikidata
Q18420920,Africarium,Wrocław Zoological Garden,Wrocław,Poland,51.104678673,17.074387675,Q18420920,Wikidata
Q11265357,Taiji Whale Museum,Whale Beach Park,Taiji,Japan,33.601917,135.945806,Q11265357,Wikidata
Q16688355,Primorsky Aquarium,Vladivostok,Vladivostok,Russia,43.013888888,131.93,Q16688355,Wikidata
Q4332495,Oceanarium in Saint Petersburg,Saint Petersburg,Saint Petersburg,Russia,59.9191,30.3389,Q4332495,Wikidata
Q28888,Polaria,Tromsø Municipality,Tromsø Municipality,Norway,69.643685,18.949871,Q28888,Wikidata
Q107455617,Rungna Dolphinarium,Pyongyang,Pyongyang,North Korea,39.038725324,125.764404808,Q107455617,Wikidata
Q28820,Mactan Island Aquarium,,,Philippines,10.28527778,123.99694444,Q28820,Wikidata
Q9051600,Aracaju Oceanarium,Aracaju,Aracaju,Brazil,-11.20111111,-37.04083333,Q9051600,Wikidata
Q25444302,Дельфинарий «Акварель»,Alushta,Alushta,Russia,,,Q25444302,Wikidata
Q29329,Bergen Aquarium,Bergen Municipality,Bergen Municipality,Norway,60.3997,5.3038,Q29329,Wikidata
Q317985,Aquarium Berlin,Berlin Zoological Garden,Bezirk Mitte,Germany,52.505833333,13.340555555,Q317985,Wikidata
Q18214522,Théâtre de Poséidon,Plailly,Plailly,France,49.1330774,2.570546,Q18214522,Wikidata
Q4478983,Utrish Dolphinarium,Bolshói Utrish,Bolshói Utrish,Russia,44.758632,37.381252,Q4478983,Wikidata
Q40710,Aquarium of Brussels,Koekelberg,Koekelberg,Belgium,50.864271,4.31868,Q40710,Wikidata
Q31833,Aquarium of Rhodes,Rhodes,Rhodes,Greece,36.4571,28.2207,Q31833,Wikidata
Q36842595,Санкт-Петербургский дельфинарий,Saint Petersburg,Saint Petersburg,Russia,,,Q36842595,Wikidata
Q20092833,delphinarium de Sébastopol,Sevastopol,Sevastopol,Ukraine,44.61472222,33.52111111,Q20092833,Wikidata
Q4331441,Dolphinarium in Odesa,Odesa,Odesa,Ukraine,46.477063,30.765345,Q4331441,Wikidata
Q7061713,Tel Aviv Dolphinarium,Tel Aviv,Tel Aviv,Israel,32.06733056,34.76182222,Q7061713,Wikidata
Q28863,National Marine Aquarium of Namibia,Swakopmund,Swakopmund,Namibia,-22.684722222,14.522777777,Q28863,Wikidata
Q4311179,Dolphinarium in Naberezhnye Chelny,Naberezhnye Chelny,Naberezhnye Chelny,Russia,55.674722222,52.298888888,Q4311179,Wikidata
Q524626,Municipal Aquarium of Santos,Santos,Santos,Brazil,-23.986305555,-46.308361111,Q524626,Wikidata
Q577921,Nanjing Underwater World,,,People's Republic of China,32.0552902,118.8394459,Q577921,Wikidata
Q96479524,Q96479524,Stein,Stein,Netherlands,,,Q96479524,Wikidata
Q31689,Alexandria Aquarium,Alexandria,Alexandria,Egypt,31.2128,29.8851,Q31689,Wikidata
Q30188290,Dolphinarium in Rostov-on-Don,,,Russia,47.208401,39.62593,Q30188290,Wikidata
Q4166225,Dolphinarium in Donetsk,Donetsk,Donetsk,Ukraine,47.99261,37.78805,Q4166225,Wikidata
Q28897,Kelly Tarlton's Sea Life Aquarium,Auckland,Auckland Region,New Zealand,-36.84583333,174.81722222,Q28897,Wikidata
Q31509,Taraporewala Aquarium,,,India,18.9493,72.8201,Q31509,Wikidata
Q31630,Wasserbillig Aquarium,Wasserbillig,Mertert,Luxembourg,49.7167,6.50222,Q31630,Wikidata
Q19850452,Festa Dolphinarium,Varna,Varna,Bulgaria,43.211389,27.939444,Q19850452,Wikidata
Q296366,Aquarium of Western Australia,City of Joondalup,City of Joondalup,Australia,-31.826680439,115.738118408,Q296366,Wikidata
Q16702056,Dolphinarium in Koktebel,Koktebel,Koktebel,Ukraine,44.965,35.259444444,Q16702056,Wikidata
Q16689333,Евпаторийский дельфинарий,Yevpatoriya,Yevpatoriya,Ukraine,45.17948421,33.353399681,Q16689333,Wikidata
Q28817,Long Island Aquarium and Exhibition Center,Riverhead,Riverhead,United States,40.917872222,-72.656405555,Q28817,Wikidata
Q4308114,Murmansk Oceanarium,,,Russia,68.99461,33.08997,Q4308114,Wikidata
Q31505,Acuario Nacional de Cuba,Havana,Havana,Cuba,23.1155949,-82.4366426,Q31505,Wikidata
Q31502,Bengaluru Aquarium,Bengaluru,Bengaluru,India,12.9765,77.5985,Q31502,Wikidata
Q185228,Vancouver Aquarium,Stanley Park,Vancouver,Canada,49.3006,-123.131,Q185228,Wikidata
Q4157307,Dolphinarium at Moscow Zoo,Moscow,Moscow,Russia,,,Q4157307,Wikidata
Q60850900,Grozny dolphinarium,,,Russia,,,Q60850900,Wikidata
Q20504488,Dolphinarium in Klaipėda,Klaipeda City Municipality,Klaipeda City Municipality,Lithuania,55.718055555,21.100833333,Q20504488,Wikidata
Q525190,Ozeaneum,Stralsund,Stralsund,Germany,54.3156,13.0969,Q525190,Wikidata
Q4125422,Воронежский океанариум,Voronezh,Voronezh,Russia,,,Q4125422,Wikidata
Q97126855,Malta National Aquarium,Qawra,St. Paul's Bay,Malta,35.958333333,14.422777777,Q97126855,Wikidata
Q40493,Sea World Indonesia,,,Indonesia,-6.125555555,106.842777777,Q40493,Wikidata
Q31828,The Blue Planet,Kastrup,Tårnby Municipality,Denmark,55.638,12.656,Q31828,Wikidata
Q16700961,Kara-Dag dolphinarium,Kurortne,Kurortne,Ukraine,44.911944444,35.201666666,Q16700961,Wikidata
Q16701571,Dolphinarium in Kyiv,Kyiv,,Ukraine,,,Q16701571,Wikidata
Q259897,Kélonia,Saint-Leu,Saint-Leu,France,-21.152469,55.280206,Q259897,Wikidata
Q96473886,Kish Dolphinarium,Kish,Kish,Iran,26.505277777,54.038888888,Q96473886,Wikidata
Q553044,Kamogawa Sea World,Kamogawa,Kamogawa,Japan,35.116141666,140.120583333,Q553044,Wikidata
Q12166962,Kharkiv Dolphinarium,Kharkiv,Kharkiv,Ukraine,50.0007,36.2281,Q12166962,Wikidata
Q8294,Aquarium de Lyon,La Mulatière,La Mulatière,France,45.72795,4.81567,Q8294,Wikidata
Q31808,Nordsøen Oceanarium,Hirtshals,Hjørring Municipality,Denmark,57.5871,9.98047,Q31808,Wikidata
Q31529,Cretaquarium,Crete,Hersonissos Municipality,Greece,35.332685,25.282474,Q31529,Wikidata
Q4430377,Sochi Discovery World Aquarium,,,Russia,,,Q4430377,Wikidata
Q485236,COEX Aquarium,,,South Korea,37.512619,127.058812,Q485236,Wikidata
Q124315744,Milad Tower Dolphinarium,District 2,District 2,Iran,35.743888888,51.371388888,Q124315744,Wikidata
Q486310,Busan Aquarium,,,South Korea,35.159339,129.16101,Q486310,Wikidata
Q96679123,Q96679123,Rotterdam,Rotterdam,Netherlands,,,Q96679123,Wikidata
Q4538880,Ярославский дельфинарий,,,Russia,,,Q4538880,Wikidata
Q11895747,Särkänniemi Dolphinarium,Särkänniemi,Tampere,Finland,,,Q11895747,Wikidata
Q18590217,"Ocean Park, Krasnodar",Krasnodar,Krasnodar,Russia,45.029444444,39.046111111,Q18590217,Wikidata
Q910282,Palmitos Park,Maspalomas,Maspalomas,Spain,27.835277777,-15.616111111,Q910282,Wikidata
Q29210,National Aquarium of New Zealand,Central Napier,Napier City,New Zealand,-39.500833333,176.918888888,Q29210,Wikidata
Q40680,Aquarium-Muséum,Institut de zoologie (Liège),Liège,Belgium,50.63877,5.57869,Q40680,Wikidata
Q41671831,Dolphinarium in Novosibirsk,Novosibirsk,Novosibirsk,Russia,,,Q41671831,Wikidata
Q4064859,Utrish Dolphinarium,Bolshói Utrish,Bolshói Utrish,Russia,44.760277777,37.387222222,Q4064859,Wikidata
Q546844,Bangkok Aquarium,Lat Yao,Lat Yao,Thailand,13.84258543,100.57558537,Q546844,Wikidata
Q17454,Exploramer,Sainte-Anne-des-Monts,Sainte-Anne-des-Monts,Canada,49.130973,-66.487198,Q17454,Wikidata
Q48769612,Underwater World Langkawi,Langkawi,Langkawi,Malaysia,6.287717,99.728591,Q48769612,Wikidata
Q20647813,Sea Life Michigan,Auburn Hills,Auburn Hills,United States,42.703611111,-83.296388888,Q20647813,Wikidata
Q49485672,Edenton National Fish Hatchery,Chowan County,Chowan County,United States,36.059166666,-76.638055555,Q49485672,Wikidata
Q28419476,Hurghada Grand Aquarium,Red Sea Governorate,Red Sea Governorate,Egypt,27.1337,33.8217,Q28419476,Wikidata
Q83789636,Awashima Marine Park,Numazu,Numazu,Japan,35.033555555,138.89,Q83789636,Wikidata
Q99611864,Kōchi Prefectural Ashizuri Aquarium Satoumi,Tosashimizu,Tosashimizu,Japan,32.791333,132.862861,Q99611864,Wikidata
Q98594806,Steinhart Aquarium,California Academy of Sciences,San Francisco,United States,,,Q98594806,Wikidata
Q31677248,Hollywood Cinema,Great Yarmouth,Great Yarmouth,United Kingdom,52.608766666,1.737147222,Q31677248,Wikidata
Q36840597,Океанариум в Крокус Сити,Moscow,Moscow,Russia,,,Q36840597,Wikidata
Q105713262,Cologne Zoo Aquarium,Riehl,Riehl,Germany,50.95825,6.97247,Q105713262,Wikidata
Q47166845,Poema del Mar Aquarium,Las Palmas de Gran Canaria,Las Palmas de Gran Canaria,Spain,28.144183333,-15.428233333,Q47166845,Wikidata
Q56739393,Muroto Schoolhouse Aquarium,Muroto,Muroto,Japan,33.326633,134.19552,Q56739393,Wikidata
Q66432954,Shikoku Aquarium,Utazu Seaside Park,Utazu,Japan,34.312777777,133.808055555,Q66432954,Wikidata
Q21654084,Nifrel,Expocity,Suita,Japan,34.80641667,135.53358333,Q21654084,Wikidata
Q64438207,Jakarta Aquarium,,,Indonesia,-6.175112,106.789987,Q64438207,Wikidata
Q56379458,National Aquarium of Ireland,,,Ireland,,,Q56379458,Wikidata
Q26661794,The Brighton Aquarium And Attached Walls And Piers And Railings And Lamps,Brighton and Hove,Brighton and Hove,United Kingdom,50.819537,-0.135154,Q26661794,Wikidata
Q47164008,Shinjiko Nature Museum Gobius,Izumo,Izumo,Japan,35.44722222,132.86444444,Q47164008,Wikidata
Q61840935,The Mirage Aquarium,The Mirage,Las Vegas,United States,36.121572,-115.173666,Q61840935,Wikidata
Q38266933,Aquamarine Inawashiro Kingfishers Aquarium,Inawashiro Midorinomura,Inawashiro,Japan,37.56138889,140.07458333,Q38266933,Wikidata
Q20746709,Acuario de Sevilla,Seville,Seville,Spain,37.3705,-5.99108,Q20746709,Wikidata
Q85875396,世界一ちっちゃな水族館,Chōshi,Chōshi,Japan,35.707111111,140.840416666,Q85875396,Wikidata
Q56347666,DMM Kariyushi Aquarium,iias Okinawa Toyosaki,Toyosaki,Japan,26.156305555,127.650416666,Q56347666,Wikidata
Q55641752,Shreveport Aquarium,,,United States,32.515833333,-93.743333333,Q55641752,Wikidata
Q30321431,Israel aquarium,Jerusalem,Jerusalem,Israel,31.74469,35.16663,Q30321431,Wikidata
Q55186828,Underground aquarium at Jardim da Luz,São Paulo,São Paulo,Brazil,-23.533111111,-46.635833333,Q55186828,Wikidata
Q23013752,OdySea Aquarium,Scottsdale,Scottsdale,United States,33.554722222,-111.877777777,Q23013752,Wikidata
Q20481560,Erlebnispark Meeresaquarium Zella-Mehlis,,,Germany,50.658392646,10.653899189,Q20481560,Wikidata
Q55758537,Sea dog basin Kiel,Kiel,Kiel,Germany,54.329805555,10.148972222,Q55758537,Wikidata
Q50822227,Cairns Aquarium,Cairns,Cairns,Australia,-16.918592,145.773639,Q50822227,Wikidata
Q26490563,Sea Life Blankenberge,Blankenberge,Blankenberge,Belgium,51.318333333,3.145833333,Q26490563,Wikidata
Q56692472,Aquário de Ubatuba,Ubatuba,Ubatuba,Brazil,-23.446581,-45.068263,Q56692472,Wikidata
Q61771823,Jyllandsakvariet,Thyborøn,Lemvig Municipality,Denmark,56.70582,8.21596,Q61771823,Wikidata
Q55984180,Le Roc des Curiosités,Granville,Granville,France,48.834416666,-1.610472222,Q55984180,Wikidata
Q48752477,Nagisa Aquarium,Suō-ōshima-chō,Suō-ōshima-chō,Japan,33.95125,132.43791667,Q48752477,Wikidata
Q107209057,Aquarium Tropical de Djibouti,Djibouti,Djibouti,Djibouti,11.595,43.148055555,Q107209057,Wikidata
Q104051436,Sea Life Konstanz,Constance,Constance,Germany,47.65701,9.1805,Q104051436,Wikidata
Q20712728,Sea Life Grapevine,Grapevine,Grapevine,United States,32.966111111,-97.043888888,Q20712728,Wikidata
Q56062894,San Antonio Aquarium,Texas,Texas,United States,29.48721,-98.60964,Q56062894,Wikidata
Q50887201,Acqua Mundo,Guarujá,Guarujá,Brazil,-23.986944444,-46.231944444,Q50887201,Wikidata
Q100268999,Aquário da Madeira,Porto Moniz,Porto Moniz,Portugal,32.867277777,-17.165361111,Q100268999,Wikidata
Q21652473,Inubōsaki Marine Park,,,Japan,35.70713889,140.86516667,Q21652473,Wikidata
Q55756195,Singapore Oceanarium,Marine Life Park,,Singapore,1.258611,103.818611,Q55756195,Wikidata
Q26961754,Grandview Aquarium,Grandview Mall,Tianhenan Subdistrict,People's Republic of China,,,Q26961754,Wikidata
Q104856164,Mississippi Aquarium,Gulfport,,United States,30.367777777,-89.088333333,Q104856164,Wikidata
Q20712724,Sea Life Charlotte-Concord,,,United States,35.369166666,-80.725,Q20712724,Wikidata
Q96249945,Tümpelgarten,Fulda,Fulda,Germany,50.559006,9.658589,Q96249945,Wikidata
Q66459086,Baltic Sea Science Center,Skansen,Stockholm Municipality,Sweden,59.32459,18.10447,Q66459086,Wikidata
Q55232305,Radiant Fish World,Cox's Bazar,Cox's Bazar,Bangladesh,21.4423182,91.9678958,Q55232305,Wikidata
Q28451057,St. Lucie County Aquarium,,,United States,27.460555555,-80.314444444,Q28451057,Wikidata
Q63992974,Jakarta Aquarium,,,Indonesia,,,Q63992974,Wikidata
Q23042702,Drøbak Akvarium,,,Norway,59.66166,10.62815,Q23042702,Wikidata
Q61722200,Teradomari Aquarium,Nagaoka,Nagaoka,Japan,37.633888888,138.760277777,Q61722200,Wikidata
Q101516319,Taylor Creek Stream Profile Chamber,El Dorado County,El Dorado County,United States,38.934333,-120.055679,Q101516319,Wikidata
Q61773780,Aquarium Las Vegas,Silverton Casino Hotel,Las Vegas,United States,,,Q61773780,Wikidata
Q21655033,Yamagata Fresh-water Fish Museum,Hitachiōmiya-shi,Hitachiōmiya-shi,Japan,36.625666111,140.404046388,Q21655033,Wikidata
Q102121695,Shaw Centre for the Salish Sea,,,Canada,,,Q102121695,Wikidata
Q55721657,Aquarium Kiel,Kiel,Kiel,Germany,54.329972222,10.148361111,Q55721657,Wikidata
Q56525743,St Andrews Aquarium,St Andrews,Fife,United Kingdom,56.343645,-2.800014,Q56525743,Wikidata
Q28232373,Woods Hole Science Aquarium,,,United States,41.525833333,-70.674166666,Q28232373,Wikidata
Q85791197,Oregon Undersea Gardens,,,United States,44.630305555,-124.051916666,Q85791197,Wikidata
Q89405458,Getxo Aquarium,Getxo,Getxo,Spain,43.3365787,-3.0223625,Q89405458,Wikidata
Q28679974,AquaRio,Rio de Janeiro,Rio de Janeiro,Brazil,-22.893056,-43.192778,Q28679974,Wikidata
Q22031680,Penghu Aquarium,Baisha Township,Baisha Township,Taiwan,23.64972222,119.60288889,Q22031680,Wikidata
Q53997414,SEA LIFE Nagoya,,,Japan,35.050161,136.846284,Q53997414,Wikidata
Q63022404,Isfahan Aquarium,District 13,District 13,Iran,32.637722222,51.612138888,Q63022404,Wikidata
Q101499948,New York Aquarium,Castle Clinton,Manhattan,United States,,,Q101499948,Wikidata
Q61740561,Ripley's Aquarium of Myrtle Beach,South Carolina,South Carolina,United States,33.715713,-78.880332,Q61740561,Wikidata
Q20712720,Sea Life Arizona,Tempe,Tempe,United States,33.384834,-111.96326,Q20712720,Wikidata
Q49478574,Cleveland Aquarium,Cuyahoga County,Cuyahoga County,United States,41.538055555,-81.636388888,Q49478574,Wikidata
Q21652335,Aquaterrace Nishikigaoka,Nishikigaoka Hillside Mall,Nishikigaoka,Japan,38.25711111,140.76505556,Q21652335,Wikidata
Q83968833,UGA Marine Education Center and Aquarium,Savannah,Savannah,United States,31.988398,-81.024037,Q83968833,Wikidata
Q107008851,Aqua Planet Jeju,,,South Korea,33.4328,126.9278,Q107008851,Wikidata
Q97169050,Kawasui Kawasaki Aquarium,Kawasaki Le Front,Nisshin-chō,Japan,35.529611111,139.696305555,Q97169050,Wikidata
Q61740553,Ripley's Aquarium of The Smokies,Tennessee,Tennessee,United States,,,Q61740553,Wikidata
Q21641834,Moskvarium,Moscow,Moscow,Russia,55.833055555,37.618611111,Q21641834,Wikidata
Q22158063,Tropicarium,Budapest District XXII,Budapest District XXII,Hungary,47.4078293,19.0180796,Q22158063,Wikidata
Q20470439,Aqua Vega,Mamak district,Mamak district,Turkey,39.888256,32.934924,Q20470439,Wikidata
Q107292927,Sea Life at Mall of America,,,United States,44.854166666,-93.242222222,Q107292927,Wikidata
Q55029991,Sealife,Bray,Bray,Ireland,53.20339,-6.09822,Q55029991,Wikidata
Q68175001,Mauritius Aquarium,,,Mauritius,,,Q68175001,Wikidata
Q21652750,Kasumigaura City Aquarium,Kasumigaura,Kasumigaura,Japan,36.07159389,140.37600694,Q21652750,Wikidata
Q73006194,acquario di Mezzani,Mezzani,Mezzani,Italy,44.914467,10.473201,Q73006194,Wikidata
Q20709848,Sea Life Kansas City,,,United States,39.080995,-94.581442,Q20709848,Wikidata
Q85976405,Q85976405,Daegu,Daegu,South Korea,,,Q85976405,Wikidata
Q61721910,Iyoboya Hall,Murakami,Murakami,Japan,38.227777777,139.471388888,Q61721910,Wikidata
Q12300112,AQUA Akvarium & Dyrepark,Silkeborg,Silkeborg Municipality,Denmark,56.15329,9.56098,Q12300112,Wikidata
Q11675955,Kamo Aquarium,Tsuruoka,Tsuruoka,Japan,38.762222,139.724972,Q11675955,Wikidata
Q17126827,Acuario Inbursa,Nuevo Polanco,Mexico City,Mexico,19.440057,-99.204901,Q17126827,Wikidata
Q11374325,Keikyu Aburatsubo Marine Park,Aburatsubo,Miura,Japan,35.161472,139.612556,Q11374325,Wikidata
Q17222417,Sendai Umino-Mori Aquarium,Miyagino-ku,Miyagino-ku,Japan,38.27108333,140.98066667,Q17222417,Wikidata
Q11432633,Oita Marine Palace Aquarium,Ōita-shi,Ōita-shi,Japan,33.25877778,131.53555556,Q11432633,Wikidata
Q11557221,Asakusa Park Aquarium,Asakusa-ku,Asakusa-ku,Empire of Japan,35.714306,139.794583,Q11557221,Wikidata
Q14594862,Qingdao Aquarium,Qingdao,Qingdao,People's Republic of China,36.05686,120.33597,Q14594862,Wikidata
Q11476470,Shimane Aquarium Aquas,Gōtsu-shi,Gōtsu-shi,Japan,34.959444,132.144583,Q11476470,Wikidata
Q16493141,Sao Paulo aquarium,São Paulo,São Paulo,Brazil,-23.593305555,-46.614083333,Q16493141,Wikidata
Q11641448,Roadside station Kihocho Umigame-park,Kihō-chō,Kihō-chō,Japan,33.769777777,136.0285,Q11641448,Wikidata
Q11490912,Shima Marineland,Shima,Shima,Japan,34.310861,136.819417,Q11490912,Wikidata
Q11502898,Niigata City Aquarium Marinepia Nihonkai,West Coast Park,Niigata,Japan,37.923633333,139.027975,Q11502898,Wikidata
Q17039826,North Carolina Aquariums,,,United States,,,Q17039826,Wikidata
Q11596319,Wakkanai Noshappu Aquarium,Wakkanai,Wakkanai,Japan,45.449333333,141.644916666,Q11596319,Wikidata
Q17219170,Susami Crustacean Aquarium,Susami,Susami,Japan,33.504556,135.588806,Q17219170,Wikidata
Q11895750,Särkänniemi Aquarium,Tampere,Tampere,Finland,61.505,23.743055555,Q11895750,Wikidata
Q11673927,Tango Uocchikan,Miyazu,Miyazu,Japan,35.556153888,135.255228055,Q11673927,Wikidata
Q13446636,Burgers' Ocean,Arnhem,Arnhem,Netherlands,52.01002,5.90057,Q13446636,Wikidata
Q11417475,Wakayama Prefectural Museum of Natural History,Kainan,Kainan,Japan,34.158639,135.192083,Q11417475,Wikidata
Q15106696,Aquarium Wilhelmshaven,Wilhelmshaven,Wilhelmshaven,Germany,53.5134,8.1444,Q15106696,Wikidata
Q11599117,Takeshima Aquarium,Gamagōri-shi,Gamagōri-shi,Japan,34.817018,137.23222,Q11599117,Wikidata
Q11408304,Minami Chita Beach Land,Mihama,Mihama,Japan,34.786339,136.855708,Q11408304,Wikidata
Q17230652,Yokohama Omoshiro Aquarium,Yokohama Chinatown,Yamashitachō,Japan,35.442944,139.644583,Q17230652,Wikidata
Q17223432,Sony aquarium,,,Japan,,,Q17223432,Wikidata
Q16961801,Aquarium of Niagara,Niagara Falls,Niagara Falls,United States,43.0943249,-79.0601435,Q16961801,Wikidata
Q14875406,Ripley's Aquarium of Canada,Toronto,Toronto,Canada,43.642481,-79.38605,Q14875406,Wikidata
Q11426136,Kinosaki Marine World,Toyooka,Toyooka,Japan,35.655833,134.824861,Q11426136,Wikidata
Q11595485,Oga Aquarium Gao,Oga,Oga,Japan,39.942167,139.704583,Q11595485,Wikidata
Q12329235,Nordsø Akvariet,Nørre Vorupør,Thisted Municipality,Denmark,56.9583,8.36747,Q12329235,Wikidata
Q11360163,Joetsu Aquarium,Gochi,Gochi,Japan,37.1735,138.23297222,Q11360163,Wikidata
Q11564667,Lake Biwa Museum,Kusatsu,Kusatsu,Japan,35.074139,135.934917,Q11564667,Wikidata
Q12321595,Kattegatcenter,Norddjurs Municipality,Norddjurs Municipality,Denmark,56.4062,10.9269,Q12321595,Wikidata
Q12311502,Fjord & Belt,Kerteminde,Kerteminde Municipality,Denmark,55.4502,10.6612,Q12311502,Wikidata
Q11572836,Tamano Marine Museum,Tamano,Tamano,Japan,34.454875,133.905478,Q11572836,Wikidata
Q16336127,Cala Gonone aquarium,Dorgali,Dorgali,Italy,40.2796,9.63293,Q16336127,Wikidata
Q11650572,Ojiya Nishikigoi no Sato,Jōnai,Jōnai,Japan,37.311111111,138.795277777,Q11650572,Wikidata
Q17107576,Jagdishchandra Bose Aquarium,Gujarat,Gujarat,India,,,Q17107576,Wikidata
Q11469706,Yamanashi Prefectural Fuji Spring-fed Village Aquarium,Sakana Park,Oshino,Japan,35.45554444,138.82392778,Q11469706,Wikidata
Q11549303,Osaka Water Museum,Kunijima,Kunijima,Japan,34.72436111,135.50536111,Q11549303,Wikidata
Q11590110,Suma Aqualife Park,Suma Seaside Park,Suma-ku,Japan,34.644167,135.128611,Q11590110,Wikidata
Q11371781,Zero Distance Aquarium Ise Sea Paradise,Ise,Ise,Japan,34.507222,136.791944,Q11371781,Wikidata
Q11357193,三蟠鉄道,,,Japan,,,Q11357193,Wikidata
Q11361449,下関市立水族館,Shimonoseki,Shimonoseki,Japan,,,Q11361449,Wikidata
Q11502657,Enoshima Aquarium,Shonan Beach Park,Fujisawa,Japan,35.309667,139.479889,Q11502657,Wikidata
Q11535182,Tochigi Nakagawa Aquatic Park,Ōtawara-shi,Ōtawara-shi,Japan,36.789139,140.128694,Q11535182,Wikidata
Q16337425,Aquarium of Syracuse,,,Italy,37.057898,15.2927,Q16337425,Wikidata
Q11428303,堺水族館,,,Japan,,,Q11428303,Wikidata
Q11378725,Imari Bay Horseshoe Crab House,Makishima,Imari,Japan,,,Q11378725,Wikidata
Q11431737,大うなぎ水族館イーランド,,,Japan,,,Q11431737,Wikidata
Q11521425,Sapporo Salmon Museum,Makomanai Park,Minami-ku,Japan,43.00111111,141.34333333,Q11521425,Wikidata
Q14713888,Seattle Marine Aquarium,Washington,Washington,United States,47.6042,-122.34,Q14713888,Wikidata
Q11636428,Echizen Matsushima Aquarium,Tojinbo Onsen,Sakai,Japan,36.253055,136.147192,Q11636428,Wikidata
Q11621781,Tateshina Amusement Aquarium,Chino,Chino,Japan,36.066572,138.302764,Q11621781,Wikidata
Q11375621,Kyoto Aquarium,Umekōji Park,Shimogyō-ku,Japan,34.987556,135.747611,Q11375621,Wikidata
Q12256355,Aquarium de Donostia-San Sebastián,San Sebastián,San Sebastián,Spain,43.322875,-1.99206,Q12256355,Wikidata
Q11512519,明石市立水族館,,,Japan,,,Q11512519,Wikidata
Q11674044,Uozu Aquarium,Uozu Comprehensive Park,Uozu,Japan,36.798389,137.38815,Q11674044,Wikidata
Q11532664,板橋区立淡水魚水族館,,,Japan,,,Q11532664,Wikidata
Q11577719,Hanshin-park,,,Japan,34.717417,135.363222,Q11577719,Wikidata
Q11543208,横浜水族館,,,Japan,,,Q11543208,Wikidata
Q17041612,Tarpon Springs Aquarium,,,United States,28.15536,-82.76323,Q17041612,Wikidata
Q14710319,Austin Aquarium,Texas,Texas,United States,30.45,-97.7923,Q14710319,Wikidata
Q11652600,Nagasaki Aquarium,Nagasaki,Nagasaki,Japan,,,Q11652600,Wikidata
Q11361443,Shimonoseki Marine Science Museum Kaikyōkan,Shimonoseki,Shimonoseki,Japan,33.954472,130.942417,Q11361443,Wikidata
Q12719946,Constanța Aquarium,Constanța,Constanța,Romania,44.17092,28.66316,Q12719946,Wikidata
Q11465797,Yama no Aquarium,Onneyu Onsen,Kitami,Japan,43.754278,143.500278,Q11465797,Wikidata
Q11480658,Muroran Aquarium,Muroran,Muroran,Japan,42.33975,140.94375,Q11480658,Wikidata
Q16929389,Yehliu Ocean World,Wanli District,Wanli District,Taiwan,25.2053,121.691,Q16929389,Wikidata
Q16509816,Océarium Le Croisic,Le Croisic,Le Croisic,France,47.2939,-2.50917,Q16509816,Wikidata
Q11587774,Hekinan Seaside Aquarium,Hekinan City Rinkai Park,Hama-machi,Japan,34.880161,136.981967,Q11587774,Wikidata
Q16301038,Aquarium of Veracruz,,,Mexico,19.18714,-96.12255,Q16301038,Wikidata
Q16353826,Nong Khai Aquarium,Nong Kom Ko,Nong Kom Ko,Thailand,,,Q16353826,Wikidata
Q13221728,Shaw Ocean Discovery Centre,British Columbia,British Columbia,Canada,48.6492,-123.395,Q13221728,Wikidata
Q17217312,箱崎水族館,Fukuoka,Fukuoka,Japan,,,Q17217312,Wikidata
Q11405627,Chitose Aquarium,Roadside station Salmon Park Chitose,Chitose,Japan,42.832722,141.659167,Q11405627,Wikidata
Q11536832,Katsurahama Aquarium,Urado,Urado,Japan,33.496944,133.573556,Q11536832,Wikidata
Q11542208,Shibetsu Salmon Science Museum,Shibetsu,Shibetsu,Japan,43.660083,145.116139,Q11542208,Wikidata
Q11554537,Numazu Deep Sea Aquarium,Port of Numazu,Numazu,Japan,35.083972,138.858167,Q11554537,Wikidata
Q11579106,Noboribetsu Marine Park Nixe,Noboribetsu,Noboribetsu,Japan,42.454972,141.182194,Q11579106,Wikidata
Q11361202,Shimoda Aquarium,Shimoda,Shimoda,Japan,34.66605556,138.94597222,Q11361202,Wikidata
Q11524680,"Misaki Marine Biological Station, the University of Tokyo",,,Japan,35.15825,139.612,Q11524680,Wikidata
Q15879552,Muzeeaquarium Delfzijl,Delfzijl-Noord,Eemsdelta,Netherlands,53.3358908,6.9275265,Q15879552,Wikidata
Q11419591,the Aquarium of Shimantogawa River Osakanakan,Matsuno,Matsuno,Japan,33.229167,132.710278,Q11419591,Wikidata
Q16258099,Zhuhai Chimelong Ocean Kingdom,Hengqin,Hengqin,People's Republic of China,22.1001,113.53,Q16258099,Wikidata
Q11501972,New Yashima Aquarium,Takamatsu,Takamatsu,Japan,34.358472,134.1,Q11501972,Wikidata
Q12342036,Øresund Aquarium,Helsingør Municipality,Helsingør Municipality,Denmark,56.04121,12.61116,Q12342036,Wikidata
Q12053158,Birch Aquarium,San Diego,San Diego,United States,32.865833333,-117.250555555,Q12053158,Wikidata
Q11582155,Sagamigawa Fureai Science Museum,Tana,Chūō-ku,Japan,35.547417,139.328889,Q11582155,Wikidata
Q12859182,Newport Aquarium,Newport on the Levee,Newport,United States,39.0944,-84.4976,Q12859182,Wikidata
Q125677168,Aquarium du Cap d'Agde,Agde,Agde,France,43.27598,3.51267,Q125677168,Wikidata
Q116921556,Art Aquarium Museum,Ginza,Chūō,Japan,35.6713698,139.7657375,Q116921556,Wikidata
Q115959779,South Boston Aquarium,,,United States,,,Q115959779,Wikidata
Q111049191,Aquarium d'Allex,Allex,Allex,France,44.762307,4.92097,Q111049191,Wikidata
Q136700684,Aquarium Paradise,JC Nagar,JC Nagar,India,13.006731473,77.592230553,Q136700684,Wikidata
Q123456955,Jacques Huber Aquarium,Museu Paraense Emílio Goeldi,Belém,Brazil,-1.453525688,-48.476461949,Q123456955,Wikidata
Q85751065,Cebu Ocean Park,Central Visayas,Central Visayas,Philippines,10.28105,123.87834,Q85751065,Wikidata
Q13513150,Marineland of Florida,Flagler County,Flagler County,United States,29.668333,-81.212778,Q13513150,Wikidata
Q116206652,Sydney Zoo aquarium,,,Australia,,,Q116206652,Wikidata
Q137970396,Chimelong Spaceship,Hengqin,Hengqin,People's Republic of China,22.097175133,113.535962767,Q137970396,Wikidata
Q123002567,Phuket Aquarium,Phuket,Phuket,Thailand,7.80355,98.40789,Q123002567,Wikidata
Q110637897,Acquario comunale di Grosseto,Bastione Rimembranza,Grosseto,Italy,42.762909649,11.114569595,Q110637897,Wikidata
Q113168964,Q113168964,Hradec Králové,Hradec Králové,Czech Republic,50.2047144,15.8188267,Q113168964,Wikidata
Q123376465,Aquashow Audierne,Audierne,Audierne,France,48.02828,-4.53536,Q123376465,Wikidata
Q111247590,"Seto Marine Biological Laboratory Aquarium, Kyoto University",Shirahama,Shirahama,Japan,,,Q111247590,Wikidata
Q121296332,Aquarium Piran,Piran,Piran,Slovenia,45.5279743,13.5671132,Q121296332,Wikidata
Q117379496,Akvariet,Malmö Municipality,Malmö Municipality,Sweden,,,Q117379496,Wikidata
Q125904746,Aquarium de Murcia,Murcia,Murcia,Spain,37.978784762,-1.134223305,Q125904746,Wikidata
Q134992292,Taizhou Ocean World,Zhejiang,Zhejiang,People's Republic of China,28.663056,121.41,Q134992292,Wikidata
Q132296427,Marine Kingdom,,,India,12.912187,80.250312,Q132296427,Wikidata
Q115283045,Higashiyama Zoo Medaka World,"Kameiri, Tashiro-chō, Nagoya","Kameiri, Tashiro-chō, Nagoya",Japan,35.157901137,136.979539939,Q115283045,Wikidata
Q136327728,Virginia Aquarium & Marine Science Center,Virginia Beach,Virginia Beach,United States,,,Q136327728,Wikidata
Q111537228,SEA LIFE Orlando Aquarium,Orlando,Orlando,United States,28.442583783,-81.468568,Q111537228,Wikidata
Q114355208,Yokohama fortune aquarium,Yokohama Chinatown,Yamashitachō,Japan,,,Q114355208,Wikidata
Q140677731,Acuario Nautilus,Comas District,Comas District,Peru,-11.906132494,-77.04548113,Q140677731,Wikidata
Q126391371,Aquarium Boka,Dobrota,Kotor,Montenegro,42.436166666,18.764055555,Q126391371,Wikidata
Q109627561,"Sealife Adventure, Southend-on-Sea",Southend-on-Sea,Southend-on-Sea,United Kingdom,51.53168,0.72608,Q109627561,Wikidata
Q123662912,The Sixth Cycle Birthday Anniversary Celebration Aquarium,Tha Mai,Tha Mai,Thailand,12.572857,101.894853,Q123662912,Wikidata
Q131618674,AOAO SAPPORO,,,,,,Q131618674,Wikidata
Q136565120,Huntsman Fundy Discovery Aquarium,Q136565296,St. Andrews,Canada,45.0849735,-67.0804241,Q136565120,Wikidata
Q135476975,Ocean World,,,United States,,,Q135476975,Wikidata
Q135092039,Island Bay Marine Education Centre,Wellington,Wellington,New Zealand,-41.3442811,174.7743946,Q135092039,Wikidata
Q124451882,The Lost Chambers aquarium,Dubai,Dubai,United Arab Emirates,25.131908666,55.118355697,Q124451882,Wikidata
Q123659140,City Park Aquarium (Tehran),Sangelaj,District 12,Iran,35.681527777,51.416972222,Q123659140,Wikidata
Q139780082,Q139780082,,,United Kingdom,55.027727,-1.430402,Q139780082,Wikidata
Q567864,SeaWorld San Antonio,San Antonio,Texas,United States,29.4584,-98.6998,Q567864,Wikidata
Q141309877,Jellyfish Museum,Pompano Beach,Pompano Beach,,26.235144,-80.090909,Q141309877,Wikidata
Q123566518,Minatoyama Aquarium,,,Japan,34.689593,135.165447,Q123566518,Wikidata
Q135927744,Taichung Aquarium,Taichung,Taichung,Taiwan,24.2968,120.5197,Q135927744,Wikidata
Q110709440,Cube Oceanarium,Chengdu,Chengdu,People's Republic of China,30.575689,104.06430244,Q110709440,Wikidata
Q1946237,SeaWorld San Diego,San Diego,San Diego,United States,32.765753,-117.227275,Q1946237,Wikidata
Q140278771,Nom officiel,,,France,45.728055555,4.815555555,Q140278771,Wikidata
Q126919382,Miami Beach Aquarium,South Beach,Miami Beach,United States,25.775085939,-80.141371504,Q126919382,Wikidata
Q139763376,Q139763376,,,United Kingdom,51.450875,-2.599132,Q139763376,Wikidata
Q111464720,The National Aquarium Abu Dhabi,Abu Dhabi,Abu Dhabi,United Arab Emirates,24.402052654,54.495836879,Q111464720,Wikidata
Q136032261,North Carolina Aquarium on Roanoke Island,Manteo,Manteo,United States,35.9179,-75.7044,Q136032261,Wikidata
Q131310134,Aquarium of Naples,Naples,Naples,Italy,,,Q131310134,Wikidata
Q139763364,Q139763364,,,United Kingdom,50.414796,-5.083821,Q139763364,Wikidata
Q60749463,Haichang Polar Ocean World,,,People's Republic of China,,,Q60749463,Wikidata
Q109875161,Acuario Michin Guadalajara,,,Mexico,20.692916666,-103.351388888,Q109875161,Wikidata
Q121437868,Q121437868,Praga-Północ,Praga-Północ,Poland,52.26075,21.01833,Q121437868,Wikidata
Q113435736,Acuario do Grove,San Vicente do Grove,San Vicente do Grove,Spain,42.483777777,-8.890972222,Q113435736,Wikidata
Q125228535,Kobe Suma Sea World,Suma Seaside Park,Suma-ku,Japan,34.644166666,135.128611111,Q125228535,Wikidata
Q110443063,St. Augustine Aquarium,St. Augustine,St. Augustine,United States,29.913888888,-81.397777777,Q110443063,Wikidata
Q122308266,Macduff Marine Aquarium,Aberdeenshire,Aberdeenshire,United Kingdom,57.672,-2.4917,Q122308266,Wikidata
Q2449490,SeaWorld Orlando,Orange County,Orange County,United States,28.4108,-81.4625,Q2449490,Wikidata
Q110969081,Aquarium Terrarium,Šibenik,Šibenik,Croatia,43.73525,15.88986,Q110969081,Wikidata
Q137207883,"Lalithodyana Aquarium, Dharmasthala",Dharmasthala,Dharmasthala,India,12.95056,75.38163,Q137207883,Wikidata
Q136031996,North Carolina Aquarium at Fort Fisher,Kure Beach,Kure Beach,United States,33.9626,-77.9261,Q136031996,Wikidata
Q124025918,Dubrovnik Aquarium,Dubrovnik,Dubrovnik,Croatia,42.63983,18.11245,Q124025918,Wikidata
Q111181792,Gulf World Marine Park,,,United States,30.211111111,-85.867222222,Q111181792,Wikidata
Q114958441,Toledo Zoo Aquarium,Toledo Zoo,Toledo,United States,,,Q114958441,Wikidata
Q112209360,Aquarium of Rome,Rome,Rome,Italy,,,Q112209360,Wikidata
Q126960749,Dingle Oceanworld Aquarium,Dingle,Dingle,Ireland,52.13961,-10.278362,Q126960749,Wikidata
Q139763421,Q139763421,,,United Kingdom,50.856001,0.596215,Q139763421,Wikidata
Q124514449,Xpark,Landmark Plaza,Qingpu Village,Taiwan,25.0172,121.2141,Q124514449,Wikidata
Q124253394,Municipal Aquarium of Cuiabá,Cuiabá,Cuiabá,Brazil,-15.614893463,-56.108023077,Q124253394,Wikidata
Q129395735,"Marine Aquarium, Digha",Digha,Digha,India,,,Q129395735,Wikidata
Q111905375,Pantanal Aquarium,Afonso Pena Avenue,Campo Grande,Brazil,-20.45568,-54.57605,Q111905375,Wikidata
Q124459130,Glen Echo Park Aquarium,Glen Echo,Glen Echo,United States,,,Q124459130,Wikidata
Q121757066,Q121757066,Praga-Północ,Praga-Północ,Poland,52.255784305,21.026720736,Q121757066,Wikidata
Q139763372,Q139763372,,,United Kingdom,50.780131,-1.092786,Q139763372,Wikidata
Q131357032,Donetsk city aquarium,Donetsk,Donetsk,,47.997624758,37.807200551,Q131357032,Wikidata
Q137573655,Galway Atlantaquaria,Galway,Galway City,Ireland,53.26,-9.073888888,Q137573655,Wikidata
Q114420681,Aquarium Pula,,,Croatia,44.835277777,13.833055555,Q114420681,Wikidata
Q113244960,Seymour Marine Discovery Center,Santa Cruz,Santa Cruz,United States,,,Q113244960,Wikidata
Q136032148,North Carolina Aquarium at Pine Knoll Shores,Pine Knoll Shores,Pine Knoll Shores,United States,34.6998,-76.8294,Q136032148,Wikidata
Q125030690,Red Sea Aquarium,Red Sea,Red Sea,Egypt,27.261668,33.819051,Q125030690,Wikidata
Q117485087,YaToMi AQUA,前ケ須町,前ケ須町,Japan,,,Q117485087,Wikidata
Q136793340,Ocean Fantasy Museum,,,,22.6559989,120.3513976,Q136793340,Wikidata
Q17621521,Mar del Plata Aquarium,,,Argentina,-38.089411111,-57.542941666,Q17621521,Wikidata
Q11282869,Aquatotto Gifu,Oasis Park,Kakamigahara,Japan,35.371722,136.810472,Q11282869,Wikidata
Q126953060,Дельфинарий в Сочи-парке,,,Russia,43.404959571,39.969734517,Q126953060,Wikidata
Q11341120,Marinepia Matsushima Aquarium,Matsushima,Matsushima,Japan,38.367556,141.059833,Q11341120,Wikidata
Q109170506,Manila Aquarium,,,Philippines,,,Q109170506,Wikidata
Q131673270,Dolphin World Egypt,Makadi Bay,Makadi Bay,Egypt,26.99121,33.85269,Q131673270,Wikidata
Q3604677,Acquario dell'Elba,Campo nell'Elba,Campo nell'Elba,Italy,42.75395,10.24968,Q3604677,Wikidata
Q11292381,Okhotsk Aquarium,Abashiri,Abashiri,Japan,,,Q11292381,Wikidata
Q3657749,Varna Aquarium,Varna,Varna,Bulgaria,43.2014,27.9225,Q3657749,Wikidata
Q108064800,Macduff Marine Aquarium,Aberdeenshire,Aberdeenshire,United Kingdom,57.671865,-2.4940357,Q108064800,Wikidata
Q11282873,アクア東条,,,Japan,34.928722,135.066611,Q11282873,Wikidata
Q20021951,Great National Aquarium,San Miguel District,San Miguel District,Peru,-12.090893,-77.088562,Q20021951,Wikidata
Q109236782,Ocean Park Aquarium,Western Australia,Western Australia,Australia,-25.980456607,113.559569849,Q109236782,Wikidata
Q3604676,Municipal Aquarium (Livorno),Livorno,Livorno,Italy,43.5354,10.2994,Q3604676,Wikidata
Q11344566,Mollusco Mugi,Mugi,Mugi,Japan,33.667056,134.443611,Q11344566,Wikidata
Q128761431,Gelendzhik Oceanarium,Gelendzhik,Gelendzhik,Russia,44.563619,38.077255,Q128761431,Wikidata
Q19851614,Shanghai Haichang Ocean Park,Pudong,Pudong,People's Republic of China,30.915361111,121.902388888,Q19851614,Wikidata
Q3604680,Acquario di Messina,Messina,Messina,Italy,,,Q3604680,Wikidata
Q136783590,Q136783590,Międzyzdroje,Międzyzdroje,Poland,53.930314445,14.445971141,Q136783590,Wikidata
Q11292366,Okhotsk Tokkari Center,Monbetsu,Monbetsu,Japan,44.333583,143.373528,Q11292366,Wikidata
Q18288410,Meereszentrum Fehmarn,Burg auf Fehmarn,Fehmarn,Germany,54.44583333,11.18083333,Q18288410,Wikidata
Q127282817,Dolphinarium in Lazorevskoe,Lazarevskoye Microdistrict,Krasnodar Krai,Russia,43.918993,39.318426,Q127282817,Wikidata
Q19389522,Q19389522,Sogndal Municipality,Sogndal Municipality,Norway,,,Q19389522,Wikidata
Q109265407,Oniria,Canet-en-Roussillon,Canet-en-Roussillon,France,42.701602777,3.036244444,Q109265407,Wikidata
Q18606304,Paraná River Aquarium,Santa Fe Province,Santa Fe Province,Argentina,-32.911247222,-60.675213888,Q18606304,Wikidata
Q109602084,Mariho Aquarium,Marina Hop,Nishi-ku,Japan,,,Q109602084,Wikidata
Q3604681,Civic Aquarium of Milan,Milan,Milan,Italy,45.474016,9.180712,Q3604681,Wikidata
Q3549275,Qingdao Underwater World,,,People's Republic of China,,,Q3549275,Wikidata
Q20470397,Antalya Aquarium,Antalya Province,Antalya Province,Turkey,36.878907,30.660675,Q20470397,Wikidata
Q3604679,Aquarium of Cattolica,Cattolica,Cattolica,Italy,43.970761,12.723316,Q3604679,Wikidata
Q109597317,átoa,Shinkō-chō,Shinkō-chō,Japan,34.806417,135.533583,Q109597317,Wikidata
Q11305917,Sunpiazza Aquaruim,Shinsapporo Arc City Sunpiazza,Atsubetsuchūō,Japan,43.036944444,141.471666666,Q11305917,Wikidata
Q127282577,Okeanarium in Lazorevskoe,Lazarevskoye Microdistrict,Krasnodar Krai,Russia,43.917459,39.318673,Q127282577,Wikidata
Q29129,Taman Safari Indonesia 2,Prigen,,Indonesia,-7.758113949,112.663931965,Q29129,Wikidata
Q11370332,Kyushu African Safari,Usa,Usa,Japan,33.354,131.41152778,Q11370332,Wikidata
Q20616351,Parque Faunístico de Lacuniacha,Piedrafita de Jaca,Biescas,Spain,42.6959,-0.336,Q20616351,Wikidata
Q2570781,Wildpark Alte Fasanerie,Hanau,Hanau,Germany,50.0811,8.90806,Q2570781,Wikidata
Q6312838,Warner Bros. Jungle Habitat,West Milford,West Milford,United States,41.1299,-74.341,Q6312838,Wikidata
Q3034599,domain of the caves of Han,Han-sur-Lesse,Rochefort,Belgium,50.1255,5.18747,Q3034599,Wikidata
Q4689907,African Safari World,Werribee,Werribee,Australia,-37.9229,144.667,Q4689907,Wikidata
Q1746922,Wildgehege Hellenthal,Hellenthal,Hellenthal,Germany,50.5017,6.42694,Q1746922,Wikidata
Q2275068,Parc animalier de Bouillon,Bouillon (Bélgica),Bouillon (Bélgica),Belgium,49.791666666,5.076666666,Q2275068,Wikidata
Q687421,Six Flags Wild Safari Adventure,New Jersey,New Jersey,United States,40.1347,-74.4278,Q687421,Wikidata
Q21973147,Phillip Island Wildlife Park,Victoria,Victoria,Australia,-38.47313,145.2349,Q21973147,Wikidata
Q2570828,Wildpark Peter und Paul,St. Gallen,St. Gallen,Switzerland,47.4486,9.3875,Q2570828,Wikidata
Q3229621,Leofoo Village Theme Park,Guanxi Township,Guanxi Township,Taiwan,24.82111111,121.18166667,Q3229621,Wikidata
Q28068900,Nasu Safari Park,Nasu,Nasu,Japan,37.059166666,140.005833333,Q28068900,Wikidata
Q18124666,Anoop Patel,Etawah,,Kanpur division,,,Q18124666,Wikidata
Q15264222,Orana Wildlife Park,,,New Zealand,-43.4675,172.4625,Q15264222,Wikidata
Q13014565,Safari Park Open Zoo,Nong Kum,Nong Kum,Thailand,14.2522092,99.5002495,Q13014565,Wikidata
Q15134915,Wildpark (Dülmen),Dülmen,Dülmen,Germany,51.83022222,7.25461111,Q15134915,Wikidata
Q11325868,North Safari Sapporo,"Toyotaki, Sapporo","Toyotaki, Sapporo",Japan,42.947028,141.223028,Q11325868,Wikidata
Q11455860,Fuji Safari Park,Susono,Susono,Japan,35.259972,138.810611,Q11455860,Wikidata
Q1026285,Calauit Safari Park,Busuanga,Busuanga,Philippines,12.31055556,119.8697222,Q1026285,Wikidata
Q42486215,Shamakhi Safari Park,,,Azerbaijan,,,Q42486215,Wikidata
Q2570807,WildtierPark Edersee,Hemfurth-Edersee,Hemfurth-Edersee,Germany,51.1861,9.04167,Q2570807,Wikidata
Q11873810,Q11873810,Kuusamo,Kuusamo,Finland,65.685044,29.134433,Q11873810,Wikidata
Q1777677,Knuthenborg Safaripark,Lolland Municipality,Lolland Municipality,Denmark,54.82111111,11.50416667,Q1777677,Wikidata
Q11305053,Sahoro Resort Bear Mountain,Sahoro Resort,Shintoku,Japan,43.178055555,142.807777777,Q11305053,Wikidata
Q11609531,Gunma Safari Park,Tomioka,Tomioka,Japan,36.22575,138.885194,Q11609531,Wikidata
Q2570842,Wildpark Schorfheide,Schorfheide,Schorfheide,Germany,52.9229,13.5522,Q2570842,Wikidata
Q1355417,"Trappenkamp, Naturerlebnisraum Erlebniswald",Schleswig-Holstein,Schleswig-Holstein,Germany,54.0225,10.2348,Q1355417,Wikidata
Q1372195,Wildpark Bruderhaus,Winterthur District,Winterthur District,Switzerland,47.4772,8.72619,Q1372195,Wikidata
Q16295423,Wildpark Eslarn,Eslarn,Eslarn,Germany,49.546389,12.53998,Q16295423,Wikidata
Q2570809,Wildpark Ernstbrunn,Ernstbrunn,Ernstbrunn,Austria,48.5439,16.3494,Q2570809,Wikidata
Q23900982,Wildpark Rolandseck,Remagen,Remagen,Germany,50.627670177,7.205080487,Q23900982,Wikidata
Q1261659,Wildpark im Grafenberger Wald,Düsseldorf,Düsseldorf,Germany,51.2491,6.8427,Q1261659,Wikidata
Q1605346,Wildparadies Tripsdrill,Cleebronn,Cleebronn,Germany,49.026816,9.045346,Q1605346,Wikidata
Q778531,Karachi Safari Park,Gulshan-e-Iqbal,Karachi,Pakistan,24.920833333,67.1125,Q778531,Wikidata
Q5313401,Dulhazra Safari Park,,,Bangladesh,21.67,92.09,Q5313401,Wikidata
Q1143719,Cumberland Wildpark,Grünau im Almtal,Grünau im Almtal,Austria,47.8068,13.9507,Q1143719,Wikidata
Q5527559,Gatwala Wildlife Park,,,Pakistan,31.47805556,73.20833333,Q5527559,Wikidata
Q2570827,Wildpark Frankfurt,Frankfurt (Oder),Frankfurt (Oder),Germany,52.3506,14.4637,Q2570827,Wikidata
Q11102641,Hangzhou Safari Park,Fuyang District,Fuyang District,People's Republic of China,,,Q11102641,Wikidata
Q1969865,Naturwildpark Freisen,Freisen,Freisen,Germany,49.5637,7.2337,Q1969865,Wikidata
Q17016128,Yunnan Wildlife Park,Panlong District,Panlong District,People's Republic of China,25.0983,102.7859,Q17016128,Wikidata
Q11474596,Iwate Safari Park,Ichinoseki,Ichinoseki,Japan,38.809917,141.258944,Q11474596,Wikidata
Q6116787,Safari Park Costablanca,El Verger,El Verger,Spain,38.858622,-0.018625,Q6116787,Wikidata
Q2585012,Himeji Central Park,Himeji,Himeji,Japan,34.867746,134.752064,Q2585012,Wikidata
Q11594892,Akiyoshidai Safari Land,Mine,Mine,Japan,34.284305555,131.332888888,Q11594892,Wikidata
Q861893,Naypyidaw Safari Park,Naypyidaw,Naypyidaw,Myanmar,19.8715418,96.2542584,Q861893,Wikidata
Q1280090,Wild-Park Klaushof,Bad Kissingen,Bad Kissingen,Germany,50.2242,10.0394,Q1280090,Wikidata
Q11454160,宮崎サファリパーク,,,Japan,,,Q11454160,Wikidata
Q16345864,Gazipur Safari Park,Gazipur District,Gazipur District,Bangladesh,24.169949962,90.396517343,Q16345864,Wikidata
Q11526117,Tohoku Safari Park,Nihonmatsu,Nihonmatsu,Japan,37.638611111,140.366666666,Q11526117,Wikidata
Q220077,Safariland Stukenbrock,Schloß Holte-Stukenbrock,Schloß Holte-Stukenbrock,Germany,51.8892,8.68083,Q220077,Wikidata
Q22955412,Wildpark Roggenhausen,,,Switzerland,47.377395,8.030185,Q22955412,Wikidata
Q21924192,Trowunna Wildlife Park,Tasmania,Tasmania,Australia,-41.55577,146.45228,Q21924192,Wikidata
Q25040434,Murree Wildlife Park,Murree Tehsil,Murree Tehsil,Pakistan,33.895172111,73.368351388,Q25040434,Wikidata
Q29075421,Tuddern safari park,Selfkant,Selfkant,Germany,51.006608,5.922956,Q29075421,Wikidata
Q2570849,Wildpark Schloss Tambach,Weitramsdorf,Weitramsdorf,Germany,50.2328,10.8656,Q2570849,Wikidata
Q8001311,Wildlife Prairie Park,Peoria County,Illinois,United States,40.7339,-89.7472,Q8001311,Wikidata
Q2570250,Südliche Weinstraße Wildlife Park,"Silz, Rhineland-Palatinate","Silz, Rhineland-Palatinate",Germany,49.14,7.93222,Q2570250,Wikidata
Q5609776,Grizzly & Wolf Discovery Center,Montana,Montana,United States,44.657,-111.098,Q5609776,Wikidata
Q15134917,Johannismühle wildlife park,Baruth/Mark,Baruth/Mark,Germany,52.01694444,13.51777778,Q15134917,Wikidata
Q2143175,Remstecken,Rhineland-Palatinate,Rhineland-Palatinate,Germany,50.3083,7.54833,Q2143175,Wikidata
Q2570811,Wildpark Hundshaupten,Egloffstein,Egloffstein,Germany,49.717,11.23,Q2570811,Wikidata
Q2570855,Wildpark An den Eichen,Schweinfurt,Schweinfurt,Germany,50.065,10.2442,Q2570855,Wikidata
Q8024695,Windsor Safari Park,Windsor and Maidenhead,Windsor and Maidenhead,United Kingdom,51.4644,-0.64967,Q8024695,Wikidata
Q6349213,Kakanakote,,,India,11.89861111,76.20277778,Q6349213,Wikidata
Q25247987,Ridiyagama Safari Park,,,Sri Lanka,6.24361111,80.97944444,Q25247987,Wikidata
Q4538051,Wildpark Gangelt,Mindergangelt,Gangelt,Germany,50.984391666,5.964902777,Q4538051,Wikidata
Q2588883,Wolfcenter Barme,Dörverden,Dörverden,Germany,52.8272,9.21321,Q2588883,Wikidata
Q10566319,Chimelong Safari Park,Guangzhou,Guangzhou,People's Republic of China,23.0056,113.3093,Q10566319,Wikidata
Q20984189,Qinhuangdao Wildlife Park,,,People's Republic of China,,,Q20984189,Wikidata
Q38236287,Q38236287,Q56412904,Q56412904,Czech Republic,50.4327953,15.7863197,Q38236287,Wikidata
Q2570802,Wildpark Ebersberg,District of Ebersberg,District of Ebersberg,Germany,48.1128,11.8964,Q2570802,Wikidata
Q2570812,Langenberg Wildlife Park,Langnau am Albis,Langnau am Albis,Switzerland,47.2928,8.52917,Q2570812,Wikidata
Q123497225,Safari Zoo Mallorca,Sant Llorenç des Cardassar,Sant Llorenç des Cardassar,Spain,39.582708741,3.361841012,Q123497225,Wikidata
Q124681398,Bearizona,,,United States,35.2518,-112.1477,Q124681398,Wikidata
Q85751068,Cebu Safari and Adventure Park,Corte,Corte,Philippines,10.588627222,123.961288888,Q85751068,Wikidata
Q113378435,Gårdsjö älgpark,Västerlövsta socken,Västerlövsta socken,Sweden,,,Q113378435,Wikidata
Q97610122,Global Wildlife Center,St. Tammany Parish,St. Tammany Parish,United States,30.629,-90.286,Q97610122,Wikidata
Q93969065,Etawah Safari Park,Uttar Pradesh,Uttar Pradesh,India,26.7672614,79.001896,Q93969065,Wikidata
Q133809030,Lion Country Safari,Laguna Hills,Laguna Hills,United States,33.643055555,-117.752777777,Q133809030,Wikidata
Q108027953,Wagon Trails Animal Park,Ohio,Ohio,United States,,,Q108027953,Wikidata
Q124287582,Safari Niagara,Fort Erie,Fort Erie,Canada,,,Q124287582,Wikidata
Q119072279,Zoofari,Morelos,Morelos,Mexico,18.613727141,-99.446186364,Q119072279,Wikidata
Q118278905,"Wild Animal Safari, Pine Mountain",Pine Mountain,Pine Mountain,United States,32.9033847,-84.9248923,Q118278905,Wikidata
Q1832013,Bellewaerde,Zillebeke,Ypres,Belgium,50.848333,2.945556,Q1832013,Wikidata
Q11769978,Marineland Mallorca,Calvià,Calvià,Spain,39.5329,2.56286,Q11769978,Wikidata
Q109849799,Oakvale Wildlife Park,New South Wales,New South Wales,Australia,-32.793888888,151.910277777,Q109849799,Wikidata
Q111821178,"Australian Wildlife Park, Albany",City of Albany,City of Albany,Australia,-35.096753747,117.959444197,Q111821178,Wikidata
Q110417990,Wildpark Malente,Neversfelde,Malente,Germany,54.1701,10.54611,Q110417990,Wikidata
Q123561516,Naturwildpark Granat,Lavesum,Haltern am See,Germany,51.77863,7.09859,Q123561516,Wikidata
Q127917633,Geising Wildlife Park,Geising,Geising,Germany,50.77867,13.79009,Q127917633,Wikidata
Q108392393,Aquafair,North Miami,North Miami,United States,,,Q108392393,Wikidata
Q46595153,Wildgehege Hochhausen,Hochhausen,Tauberbischofsheim,Germany,49.662895,9.623719,Q46595153,Wikidata
Q1207908,Ocean Park Hong Kong,Southern District,Southern District,People's Republic of China,22.245861111,114.175916666,Q1207908,Wikidata
Q137778876,Wildpark Assling,Assling,Assling,Austria,46.79445,12.637416666,Q137778876,Wikidata
Q63256166,Wildpark Mühletäli,Starrkirch-Wil,Starrkirch-Wil,Switzerland,47.342024,7.922579,Q63256166,Wikidata
Q98755977,Wildpark Brudergrund,Erbach,Erbach,Germany,49.659596,8.968405,Q98755977,Wikidata
Q2928695,Busch Gardens Williamsburg,Virginia,Virginia,United States,37.233611111,-76.645833333,Q2928695,Wikidata
Q65511273,Ludwigshafen-Rheingönheim Wildlife Park,Rheingönheim,Ludwigshafen,Germany,49.430833333,8.415,Q65511273,Wikidata
Q11514077,Showa Shinzan Bear Ranch,Sobetsu,Sobetsu,Japan,,,Q11514077,Wikidata
Q94532085,Hasseldieksdamm wildlife park,Hasseldieksdamm,Kiel,Germany,54.322,10.079,Q94532085,Wikidata
Q60227907,Waratah Park,Duffys Forest,Northern Beaches,Australia,-33.6762,151.177,Q60227907,Wikidata
Q1064760,Six Flags Great Adventure,Jackson,Jackson,United States,40.1375,-74.44,Q1064760,Wikidata
Q3225108,Le Pal,Saint-Pourçain-sur-Besbre,Saint-Pourçain-sur-Besbre,France,46.5073,3.6305,Q3225108,Wikidata
Q126901429,Bergwildpark Meißner,Meißner,Meißner,Germany,51.192992,9.889524,Q126901429,Wikidata
Q110338619,Wildpark Frankenhof,Bahnhof Reken,Reken,Germany,51.8082,7.0165,Q110338619,Wikidata
Q108049603,Chestnut Centre,Chapel-en-le-Frith,Chapel-en-le-Frith,United Kingdom,53.334638888,-1.887583333,Q108049603,Wikidata
Q3576064,Zoosafari Fasanolandia,Fasano,Fasano,Italy,40.8335,17.3386,Q3576064,Wikidata
Q1070642,Chessington World of Adventures,Chessington,Chessington,United Kingdom,51.348611111,-0.316666666,Q1070642,Wikidata
Q58061574,Baja Wildlife Park,Swabi,Swabi,Pakistan,34.1049339,72.5348976,Q58061574,Wikidata
Q91013319,Tannenberg wildlife park,Wik,Wik,Germany,54.36487,10.11465,Q91013319,Wikidata
Q63087627,Parc a Gibier de Saint-Hubert,Saint-Hubert,Saint-Hubert,Belgium,50.034423,5.366297,Q63087627,Wikidata
Q84164619,Wildgatter Heissiwald,Bredeney,Bredeney,Germany,51.392745,6.987001,Q84164619,Wikidata
Q764186,Disney's Animal Kingdom,Orange County,Orange County,United States,28.358,-81.59,Q764186,Wikidata
Q63105495,Wildpark Heitern,Zofingen,Zofingen,Switzerland,,,Q63105495,Wikidata
Q123786563,Wildpark Aurach bei Kitzbühel,Aurach bei Kitzbühel,Aurach bei Kitzbühel,Austria,47.413194,12.454514,Q123786563,Wikidata
Q83424433,Wildpark Willingen,Hesse,Hesse,Germany,51.2851,8.61,Q83424433,Wikidata
Q134437707,Rainforest Wild Asia,Mandai,Mandai,Singapore,1.4092358,103.7809305,Q134437707,Wikidata
Q123041180,Wildpark Hardegsen,Hardegsen,Hardegsen,Germany,51.6578,9.8205,Q123041180,Wikidata
Q76450708,Wildfreigehege Wolfsrat,Saarwellingen,Saarwellingen,Germany,49.3672,6.8273,Q76450708,Wikidata
Q2001885,Six Flags Discovery Kingdom,Vallejo,Vallejo,United States,38.137778,-122.23,Q2001885,Wikidata
Q111356426,Sumu Wildlife Park,Bauchi State,Bauchi State,Nigeria,9.84663268,10.30842667,Q111356426,Wikidata
Q11446176,Okuhida Bear Park,Shin-Hirayu Onsen,Takayama,Japan,36.21927778,137.54313889,Q11446176,Wikidata
Q107434467,Wildpark Brienz,Brienz,Brienz,Switzerland,46.7557436,8.0436129,Q107434467,Wikidata
Q3305037,Meli Park,Adinkerke,De Panne,Belgium,51.081353,2.601592,Q3305037,Wikidata
Q95471064,Wild- und Freizeitpark Willingen,Willingen (Upland),Willingen (Upland),Germany,51.285104,8.608172,Q95471064,Wikidata
Q494673,Everland,Cheoin-gu,Cheoin-gu,South Korea,37.29517778,127.20445278,Q494673,Wikidata
Q67201878,"Tiergehege Freudenberg ""Rauch-Zoo""",Freudenberg,Freudenberg,Germany,49.760511,9.329905,Q67201878,Wikidata
Q67201866,Wildpark Schollbrunn,Schollbrunn,Schollbrunn,Germany,49.83438,9.4532,Q67201866,Wikidata
Q11275229,Noboribetsu Bear Park,Noboribetsu Onsen,Noboribetsu,Japan,42.490167,141.15925,Q11275229,Wikidata
Q2743812,Busch Gardens Tampa,Tampa,Tampa,United States,28.0375,-82.4225,Q2743812,Wikidata
Q120123180,Jagd- und Wildpark Nordmann,Arnstein,Arnstein,Germany,,,Q120123180,Wikidata
Q2959739,Familiepark Harry Malter,Heusden,Destelbergen,Belgium,51.015744,3.819422,Q2959739,Wikidata
Q56544217,Dufile Animal Sanctuary,Northern Region,Northern Region,Uganda,3.577222222,31.995277777,Q56544217,Wikidata
Q123686173,Wolfspark Werner Freund,Merzig,Merzig,Germany,49.47262,6.64302,Q123686173,Wikidata
Q110282354,Taman Safari Bogor,Cisarua,Cisarua,Indonesia,-6.7212,106.9551,Q110282354,Wikidata
Q27478765,Wildpark Kranichstein,Darmstadt,Darmstadt,Germany,49.91085,8.71535,Q27478765,Wikidata
Q11657210,Bear Garden,Kitaakita,Kitaakita,Japan,39.913888888,140.536111111,Q11657210,Wikidata
Q107059435,Game Reserve Schmidt,Nideggen,Nideggen,Germany,50.66179601,6.427889744,Q107059435,Wikidata
Q125949518,Dinklage Wildlife Park,Dinklage,Dinklage,Germany,52.6571,8.13806,Q125949518,Wikidata
Q114525,Flamingo Land Resort,Kirby Misperton,Kirby Misperton,United Kingdom,54.2097,-0.8082,Q114525,Wikidata
Q110965144,Wildgehege Hufeisen,Bayreuth,Bayreuth,Germany,49.698388888,11.493638888,Q110965144,Wikidata
Q105406671,Wildpark Völklingen,Völklingen,Völklingen,Germany,49.2687,6.8692,Q105406671,Wikidata
Q104811031,Kiel wildlife parks,Kiel,Kiel,Germany,,,Q104811031,Wikidata
Q65240439,Lionsrock,Bethlehem,Bethlehem,South Africa,,,Q65240439,Wikidata
Q119047871,Wildpark Mölln,Mölln,Mölln,Germany,53.62444,10.70385,Q119047871,Wikidata
Q48733001,Kamalia Wildlife Park,Kamalia Tehsil,Kamalia Tehsil,Pakistan,30.714722222,72.673888888,Q48733001,Wikidata
Q119061225,Tierpark Oberwald,Karlsruhe,Karlsruhe,Germany,48.98946,8.4213,Q119061225,Wikidata
Q107171042,Adler- und Wolfspark Kasselburg,Pelm,Pelm,Germany,50.239167,6.685278,Q107171042,Wikidata
Q64221090,Wildpark Bilsteintal,Warstein,Warstein,Germany,51.42559,8.32389,Q64221090,Wikidata
Q1043956,Marineland of Canada,Niagara Falls,Niagara Falls,Canada,43.0656,-79.0725,Q1043956,Wikidata
Q124289952,Alternativer Wolf- und Bärenpark Schwarzwald,Bad Rippoldsau-Schapbach,Bad Rippoldsau-Schapbach,Germany,48.3915256,8.3110871,Q124289952,Wikidata
Q3321963,Mont Mosan,Huy,Huy,Belgium,50.5139,5.25129,Q3321963,Wikidata
Q55447887,Wildpark Saarbrücken,Saarbrücken,Saarbrücken,Germany,49.25224,7.03156,Q55447887,Wikidata
Q123616743,Isfahan Reptiles Garden,District 13,District 13,Iran,32.637666666,51.612805555,Q123616743,Wikidata
Q11224474,iZoo,Kawazu,Kawazu,Japan,34.73086111,138.99472222,Q11224474,Wikidata
Q137660417,West Lynn Garden,New Lynn,Auckland Region,New Zealand,-36.9219,174.6696,Q137660417,Wikidata
Q132560669,Snake House,Ayub National Park,Rawalpindi District,Pakistan,33.567055555,73.082055555,Q132560669,Wikidata
Q135227930,Poring Butterfly Farm,Ranau District,Ranau District,Malaysia,6.047711111,116.701736111,Q135227930,Wikidata
Q121780447,Q121780447,Praga-Północ,Praga-Północ,Poland,52.259267362,21.021432096,Q121780447,Wikidata
Q138753305,Kamoso Kachoen,Kakegawa,Kakegawa,Japan,34.827003061,137.965560103,Q138753305,Wikidata
Q12407320,Q12407320,Beit Elazari,Beit Elazari,Israel,31.847135518,34.799163201,Q12407320,Wikidata
Q109365838,KawaZoo,Kawazu,Kawazu,Japan,,,Q109365838,Wikidata
Q65553836,Centro de Vida Silvestre Snake Garden,,,Costa Rica,10.41408934,-84.127105548,Q65553836,Wikidata
Q139754590,Himalayan Bird Park,Himachal Pradesh,Himachal Pradesh,India,,,Q139754590,Wikidata
Q137321780,Seaforde Gardens and Tropical Butterfly House,"Newry, Mourne and Down","Newry, Mourne and Down",United Kingdom,54.3223,-5.844,Q137321780,Wikidata
Q137770188,Vogelpark Ambigua,Zeihen,Zeihen,Switzerland,47.4785806,8.0798479,Q137770188,Wikidata
Q140317636,Qom Bird Garden,Qom,Qom,Iran,34.59877,50.8386,Q140317636,Wikidata
Q44167944,ZOO Serpentarium,Blankenberge,Blankenberge,Belgium,51.319775,3.13805,Q44167944,Wikidata
Q141188929,Monteverde Butterfly Gardens,Monteverde Canton,Monteverde Canton,Costa Rica,10.3099952,-84.8198694,Q141188929,Wikidata
Q11309982,Japan Snake Center,Yabuzuka Onsen,Yabuzukachō,Japan,36.362389,139.322194,Q11309982,Wikidata
Q4318676,Нижегородский экзотариум,Nizhny Novgorod,Nizhny Novgorod,Russia,56.32229,44.00076,Q4318676,Wikidata
Q140940145,Jiannan Butterfly Garden,,,Taiwan,25.087222222,121.553888888,Q140940145,Wikidata
Q21170897,Jardins des papillons (Hunawihr),Hunawihr,Hunawihr,France,48.18086,7.321163,Q21170897,Wikidata
Q30076805,Q30076805,Wrocław,Wrocław,Poland,51.103905597,17.071620157,Q30076805,Wikidata
Q136375407,Jakarta Bird Land,Jakarta,Jakarta,Indonesia,,,Q136375407,Wikidata
Q136375233,Bird Pavilion,West Bandung,West Bandung,Indonesia,,,Q136375233,Wikidata
Q121084826,Papilonia Brno,Brno-střed,Brno-střed,Czech Republic,49.1938047,16.6085842,Q121084826,Wikidata
Q22677838,Kushiro Crane Reserve,Kushiro,Kushiro,Japan,43.05666,144.1965,Q22677838,Wikidata
Q28311036,Spirogyra Butterfly Garden,San Francisco,San Francisco,Costa Rica,9.9400494,-84.0727499,Q28311036,Wikidata
Q133755718,Butterfly house of Bordano,Province of Udine,Province of Udine,Italy,46.313786523,13.107357754,Q133755718,Wikidata
Q108374722,Wingspan National Bird of Prey Centre,Rotorua Lakes District,Rotorua Lakes District,New Zealand,-38.0906,176.1958,Q108374722,Wikidata
Q17514617,Vogelpark Turnersee,Carinthia,Carinthia,Austria,46.5819,14.5618,Q17514617,Wikidata
Q117358068,Parque Cóndor,Otavalo,Otavalo,Ecuador,0.231956,-78.239958,Q117358068,Wikidata
Q18216083,El Jardí dels Ocells,Olèrdola,Olèrdola,Spain,41.317952686,1.701028571,Q18216083,Wikidata
Q7981913,Welsh Hawking Centre,Barry,Barry,United Kingdom,51.415,-3.308,Q7981913,Wikidata
Q131737574,Missoula Butterfly House & Insectarium,,,,,,Q131737574,Wikidata
Q115287174,Falknerei Bergisch Land,Remscheid,Remscheid,Germany,51.209233333,7.197133333,Q115287174,Wikidata
Q124823138,Jardin aux Papillons,Vannes,Vannes,France,47.63808,-2.76554,Q124823138,Wikidata
Q27869449,Mariposario Tambopata,Madre de Dios Department,Madre de Dios Department,Peru,-12.6000224,-69.2226964,Q27869449,Wikidata
Q1799174,Olching Bird Park,Olching,Olching,Germany,48.2086,11.3219,Q1799174,Wikidata
Q92735936,Vogelpark Schotten,,,Germany,,,Q92735936,Wikidata
Q4823915,Australian Butterfly Sanctuary,Queensland,Queensland,Australia,-16.8205,145.633,Q4823915,Wikidata
Q87333139,Cotswold Falconry Center,Gloucestershire,Gloucestershire,United Kingdom,51.998453,-1.73377,Q87333139,Wikidata
Q1666788,butterfly house,Magdeburg,Magdeburg,Germany,52.1404,11.6821,Q1666788,Wikidata
Q64334714,Vlindertuin De Kas,Zutphen,Zutphen,Netherlands,52.129191666,6.210433333,Q64334714,Wikidata
Q102046111,De Zindering,Tiel,Tiel,Netherlands,51.884722,5.436389,Q102046111,Wikidata
Q134416294,Schmetterlingspark Wittenberg,Lutherstadt Wittenberg,Lutherstadt Wittenberg,Germany,51.87725,12.603416666,Q134416294,Wikidata
Q11498237,Kakegawa Kachoen,Kakegawa,Kakegawa,Japan,34.761194444,138.015055555,Q11498237,Wikidata
Q6670186,London Butterfly House,Brentford,Brentford,United Kingdom,51.4786,-0.317017,Q6670186,Wikidata
Q69254508,Catavento Butterfly house,São Paulo,Sé District,Brazil,-23.543861111,-46.627444444,Q69254508,Wikidata
Q5565036,Gita Persada Butterfly Park,North Telukbetung,North Telukbetung,Indonesia,-5.420003275,105.1886238,Q5565036,Wikidata
Q5002935,"Butterfly Garden, Grevenmacher",Grevenmacher,Grevenmacher,Luxembourg,49.68055556,6.44555556,Q5002935,Wikidata
Q13105384,Vlindertuin Knokke,Knokke-Heist,Knokke-Heist,Belgium,,,Q13105384,Wikidata
Q120501077,La ferme aux Papillons,Die,Die,France,,,Q120501077,Wikidata
Q6440990,Kuala Lumpur Butterfly Park,Kuala Lumpur,Kuala Lumpur,Malaysia,3.14573,101.689,Q6440990,Wikidata
Q97161243,Casa delle Farfalle,Milano Marittima,Cervia,Italy,44.278516666,12.3359,Q97161243,Wikidata
Q487104,Walsrode World Bird Park,Walsrode,Walsrode,Germany,52.881678665,9.598340169,Q487104,Wikidata
Q14516206,Q14516206,Lutten,Hardenberg,Netherlands,52.61654,6.59981,Q14516206,Wikidata
Q51228751,Birdworld Kuranda,Kuranda,Kuranda,Australia,-16.819303,145.6324,Q51228751,Wikidata
Q20127747,Mariposario Pilpintuwasi,Loreto Department,Loreto Department,Peru,-3.7047707,-73.2835388,Q20127747,Wikidata
Q11369532,Kurume City Bird Center,Kurume Central Park,Kurume,Japan,33.319444,130.528194,Q11369532,Wikidata
Q65552703,Vogelparadies Birka,Mauren,Mauren,Liechtenstein,47.215642,9.550652,Q65552703,Wikidata
Q131317892,Parque Real De Aves Exoticas,Pastaza Canton,Pastaza Canton,Ecuador,-1.492813,-77.986238,Q131317892,Wikidata
Q7023739,Niagara Parks Butterfly Conservatory,Ontario,Ontario,Canada,43.1373,-79.0555,Q7023739,Wikidata
Q60776627,Konya Tropical Butterfly Garden,,,Turkey,37.948611111,32.461944444,Q60776627,Wikidata
Q110551236,Q110551236,Gemert-Bakel,Gemert-Bakel,Netherlands,,,Q110551236,Wikidata
Q2736994,Q2736994,,,Indonesia,-8.62228,115.26192,Q2736994,Wikidata
Q28146533,Banteay Srey Butterfly Centre,Siem Reap,Siem Reap,Cambodia,13.50869,103.94096,Q28146533,Wikidata
Q15199389,Birdworld,Farnham,Farnham,United Kingdom,51.1828,-0.8407,Q15199389,Wikidata
Q113284550,Domaine des Oiseaux,Mazères,Mazères,France,43.264,1.6612,Q113284550,Wikidata
Q453511,Papiliorama,Kerzers,Kerzers,Switzerland,46.9892,7.20111,Q453511,Wikidata
Q117084324,Vogelpark Plankstadt,Plankstadt,Plankstadt,Germany,49.39745,8.58742,Q117084324,Wikidata
Q3364652,Parc ornithologique de Pont-de-Gau,Les Saintes-Maries-de-la-Mer,Les Saintes-Maries-de-la-Mer,France,43.4528,4.42861,Q3364652,Wikidata
Q119173036,Allgäuer Schmetterling Erlebniswelt,Weißbach,Pfronten,Germany,47.597833333,10.560972222,Q119173036,Wikidata
Q1547682,Jurong Bird Park,Boon Lay,Boon Lay,Singapore,1.32101,103.70703,Q1547682,Wikidata
Q113800717,Bird Paradise,Mandai,Mandai,Singapore,1.407471,103.781823,Q113800717,Wikidata
Q117026538,Falconry Herrmann,Plauen,Plauen,Germany,50.5287,12.152,Q117026538,Wikidata
Q131784381,Gyeongju Bird Park,Gyeongju,Gyeongju,South Korea,,,Q131784381,Wikidata
Q2104064,Papiliorama Havelte,Havelte,Westerveld,Netherlands,52.7847,6.22342,Q2104064,Wikidata
Q108167453,Cambridge Butterfly Conservatory,Cambridge,Cambridge,Canada,43.451733,-80.367291,Q108167453,Wikidata
Q64334611,Q64334611,Someren,Someren,Netherlands,,,Q64334611,Wikidata
Q10927153,Fonghuanggu Bird and Ecology Park,Lugu Township,Lugu Township,Taiwan,23.728888888,120.792777777,Q10927153,Wikidata
Q97161072,"Oomurasaki Center, Hokuto City",Hokuto,Hokuto,Japan,,,Q97161072,Wikidata
Q60768800,Kemenuh Butterfly Park,,,Indonesia,-8.572696,115.2866632,Q60768800,Wikidata
Q11297401,Campbelltown Forest of Wild Birds,Koshigaya,Koshigaya,Japan,35.91419444,139.80188889,Q11297401,Wikidata
Q123785427,NaturoSpace,Honfleur,Honfleur,France,49.42569,0.22937,Q123785427,Wikidata
Q126393967,Tropique du papillon,Elne,Elne,France,42.592272222,2.977713888,Q126393967,Wikidata
Q18020552,Greifvogelpark Katharinenberg,Wunsiedel,Wunsiedel,Germany,50.03202,12.00613,Q18020552,Wikidata
Q1246454,Schmetterlinghaus,Vienna,Vienna,Austria,48.2053,16.3667,Q1246454,Wikidata
Q55761417,Collodi Butterfly House,Collodi,Pescia,Italy,43.9,10.65455,Q55761417,Wikidata
Q121084803,Q121084803,Lipno nad Vltavou,Lipno nad Vltavou,Czech Republic,48.6406694,14.2232853,Q121084803,Wikidata
Q12763650,Butterfly House,Alabama,Alabama,United States,,,Q12763650,Wikidata
Q6788091,Matsue Vogel Park,Matsue,Matsue,Japan,35.47625,132.94402778,Q6788091,Wikidata
Q117378427,Falkonergården,Fredensborg Municipality,Fredensborg Municipality,Denmark,,,Q117378427,Wikidata
Q133274431,Penang Bird Park,Penang,Penang,Malaysia,5.393888888,100.394722222,Q133274431,Wikidata
Q124499397,Les Oiseaux du Marais Poitevin,Saint-Hilaire-la-Palud,Saint-Hilaire-la-Palud,France,46.27497,-0.72232,Q124499397,Wikidata
Q17212924,Crane Nature Park,Tsuruta,Tsuruta,Japan,,,Q17212924,Wikidata
Q80306932,Greifvogelpark Saarburg,Saarburg,Saarburg,Germany,49.61657,6.533059,Q80306932,Wikidata
Q67784193,Neotropical Butterfly Park,Lelydorp,Lelydorp,Suriname,5.687222222,-55.201944444,Q67784193,Wikidata
Q7749501,The Magic of Life Butterfly House,,,United Kingdom,52.391,-3.893,Q7749501,Wikidata
Q21043659,Adlerarena Burg Landskron,,,Austria,46.64236069,13.89694405,Q21043659,Wikidata
Q108749991,Trassenheide butterfly farm,Trassenheide,Trassenheide,Germany,54.08041,13.8686,Q108749991,Wikidata
Q110471376,Dubai Butterfly Garden,,,United Arab Emirates,25.06176,55.24654,Q110471376,Wikidata
Q2141104,Vlinders aan de Vliet,Leidschendam,Leidschendam-Voorburg,Netherlands,52.101805555,4.417297222,Q2141104,Wikidata
Q3562754,Volerie des aigles,Kintzheim,Kintzheim,France,48.2561,7.38639,Q3562754,Wikidata
Q7621945,Stratford Butterfly Farm,Stratford-upon-Avon,Stratford-upon-Avon,United Kingdom,52.1896,-1.7003,Q7621945,Wikidata
Q30672224,Bali Butterfly Park,,,Indonesia,-8.480232,115.131563,Q30672224,Wikidata
Q124424915,Greifvogelwarte Riegersburg,Riegersburg,Riegersburg,Austria,47.004714,15.935129,Q124424915,Wikidata
Q16744229,Bali Bird Park,,,Indonesia,-8.6,115.251,Q16744229,Wikidata
Q358501,Adlerwarte Berlebeck,Berlebeck,Detmold,Germany,51.8917,8.87333,Q358501,Wikidata
Q98538806,Zoofalknerei Neunkirchen,Zoologischer Garten Neunkirchen,Neunkirchen,Germany,49.34515,7.207,Q98538806,Wikidata
Q4916170,Birdworld,,,Australia,,,Q4916170,Wikidata
Q56184210,Solva Nectarium,Wales,Wales,United Kingdom,,,Q56184210,Wikidata
Q91275620,Aunt Sally's Farm,Assiniboine Park Zoo,Manitoba,Canada,,,Q91275620,Wikidata
Q127685269,Q127685269,Kunratice,Kunratice,Czech Republic,50.021545,14.4732,Q127685269,Wikidata
Q52423041,Q52423041,Haarlemmerhout,Haarlem,Netherlands,52.368611111,4.63,Q52423041,Wikidata
Q108862156,Divoká zahrada Hostivař,Hostivař,Hostivař,Czech Republic,50.0399608,14.5168958,Q108862156,Wikidata
Q73451841,Affection Section,Rafiki's Planet Watch,Central Florida Tourism Oversight District,United States,,,Q73451841,Wikidata
Q139374159,Q139374159,Zimmerterrein,Amsterdam,Netherlands,52.368694444,4.864222222,Q139374159,Wikidata
Q135935461,Beacon Hill Children's Farm,Beacon Hill Park,Victoria,Canada,48.4116,-123.36404,Q135935461,Wikidata
Q129998568,Zoopark Milíčov,Háje,Háje,Czech Republic,50.0280586,14.5398583,Q129998568,Wikidata
Q126371070,Kinderboerderij Hagerhof (Venlo),Venlo,Venlo,Netherlands,,,Q126371070,Wikidata
Q125055865,Sea Park Sarbsk,Sarbsk,Sarbsk,Poland,54.7380167,17.6497856,Q125055865,Wikidata
Q111659817,Grammlichs Tierpark,Eberstadt,Buchen,Germany,49.475347408,9.365794149,Q111659817,Wikidata
Q130649025,Mini Zoo Żywiec,Castle park in Żywiec,Żywiec,Poland,49.6830994,19.2028167,Q130649025,Wikidata
Q116701279,Petting Zoo De Trotse Pauw,Centrumpark Spijkenisse,Nissewaard,Netherlands,51.846290737,4.331306219,Q116701279,Wikidata
Q110041201,Ferme du Parc Maximilien - Boerderij van het Maximiliaanpark,Northern Quarter,Brussels,Belgium,50.85856,4.35007,Q110041201,Wikidata
Q137534657,The Pig Museum,Icheon,Icheon,South Korea,37.085802,127.58403,Q137534657,Wikidata
Q128770766,"Kinderboerderij Dierendorp, Heemskerk",Heemskerk,Heemskerk,Netherlands,52.508577777,4.677155555,Q128770766,Wikidata
Q136432771,"Garden Na Valech, Brandýs nad Labem",Castle in Brandýs nad Labem,Brandýs nad Labem,Czech Republic,50.1873367,14.6657747,Q136432771,Wikidata
Q117801742,Kiwi Valley Farm Park,Henderson Valley,Auckland Region,New Zealand,-36.896,174.6003,Q117801742,Wikidata
Q138026936,"Stadsboerderij De Blijde Wei, Rotterdam",Ommoordse Veld,Rotterdam,Kingdom of the Netherlands,,,Q138026936,Wikidata
Q2461839,Q2461839,Gaasperdam,Amsterdam,Netherlands,52.301533333,4.976288888,Q2461839,Wikidata
Q139590121,Q139590121,Rembrandtpark,Amsterdam,Netherlands,52.367361111,4.845277777,Q139590121,Wikidata
Q2127463,Q2127463,Zaandam,Zaanstad,Netherlands,,,Q2127463,Wikidata
Q139564439,Pettitts Adventure Park,Broadland,Broadland,United Kingdom,52.56674249,1.578417045,Q139564439,Wikidata
Q4345206,"Utopia park, Israel",Bahan,Bahan,Israel,32.351579,35.014819,Q4345206,Wikidata
Q113559680,Thorpe Farm,Thorpe Park,,United Kingdom,51.408616,-0.526764,Q113559680,Wikidata
Q53336324,Q53336324,Assebroek,Bruges,Belgium,,,Q53336324,Wikidata
Q114873912,Daňčí obora,Park Boženy Němcové,Fryštát,Czech Republic,49.8495811,18.5397175,Q114873912,Wikidata
Q101244596,zookoutek Kamýk,Kamýk,Kamýk,Czech Republic,50.0112667,14.4408694,Q101244596,Wikidata
Q59209464,Animal park Vleuten,Vleuten,Utrecht,Netherlands,52.105138888,5.004083333,Q59209464,Wikidata
Q124313736,Q124313736,Mokry Dwór,Mokry Dwór,Poland,54.3008,18.7155,Q124313736,Wikidata
Q10861299,Minizoo Malá Chuchle,Malá Chuchle,Malá Chuchle,Czech Republic,50.022778055,14.388333055,Q10861299,Wikidata
Q49523618,Fon du Lac Farm Park,Tazewell County,Tazewell County,United States,40.662222222,-89.536666666,Q49523618,Wikidata
Q117279424,Kinderboerderij IJsselstee,Geinoord 11-12,Nieuwegein,Netherlands,52.0225,5.082777777,Q117279424,Wikidata
Q113641605,Q113641605,Gush Katif,Gush Katif,Palestine,,,Q113641605,Wikidata
Q10861300,Zookoutek Břežanské údolí,Lhota,Lhota,Czech Republic,49.9689,14.4042,Q10861300,Wikidata
